JDayMod,124Langes,1427Bath,241VKLake,398Snow,526Stumpy,554Columbia,683Boston,970Fitzwater
313,-9999,-9999,-9999,-9999,-9999,-9999,-9999,-187
314,-9999,-146,-9999,5,-9999,-9999,-9999,-186
315,-9999,-146,-9999,1,-2,-1,-9999,-186
316,-9999,-146,-9999,2,-1,-1,-9999,-186
317,-9999,-146,-9999,2,0,-1,-9999,-186
318,-9999,-146,-9999,8,0,0,-9999,-186
319,-9999,-146,-9999,2,0,0,-9999,-186
320,-9999,-146,-9999,3,0,0,-9999,-186
321,-9999,-139,-9999,10,0,1,-9999,-177
322,-9999,-139,-9999,5,0,1,-9999,-177
323,-9999,-138,-9999,3,0,0,-9999,-175
324,-9999,-138,-9999,4,0,1,-9999,-172
325,-9999,-137,-9999,4,0,1,-9999,-172
326,-9999,-134,-9999,9,1,3,-9999,-170
327,4,-132,-9999,5,1,2,-9999,-168
328,0,-132,0,3,0,1,-9999,-169
329,3,-119,4,15,1,3,-4,-166
330,4,-99,1,8,0,2,1,-149
331,4,-103,-1,4,-8,2,1,-121
332,4,-107,-2,4,-14,2,0,-93
333,3,-109,-2,3,-19,2,0,-84
334,6,-93,3,12,-1,4,6,-57
335,8,-69,3,7,-1,2,12,-36
336,5,-72,1,3,-2,1,11,-34
337,4,-76,0,3,-1,1,10,-34
338,4,-81,-1,3,-2,1,9,-35
339,4,-86,-2,3,-1,1,8,-39
340,4,-91,-2,3,-1,1,8,-41
341,4,-96,-2,4,-1,2,8,-43
342,4,-99,-1,3,-1,1,8,-46
343,4,-105,-1,3,-1,1,8,-48
344,4,-109,-2,4,-1,1,8,-48
345,4,-110,-2,4,-1,1,8,-50
346,6,-110,-3,6,0,3,12,-31
347,7,-98,2,5,0,2,13,-26
348,7,-98,0,2,-1,2,12,-30
349,7,-103,0,2,0,2,12,-32
350,6,-106,-1,2,-1,2,11,-34
351,6,-108,-3,2,-1,2,11,-38
352,6,-109,-3,2,-1,2,9,-42
353,6,-110,-3,1,-1,2,9,-45
354,6,-112,-3,3,-1,2,10,-50
355,6,-127,-3,3,-1,2,10,-53
356,6,-123,-3,4,-1,2,8,-55
357,6,-123,-3,4,-1,2,8,-60
358,6,-124,-3,4,-1,2,8,-62
359,6,-139,-3,3,-1,2,8,-64
360,6,-122,-3,1,0,2,8,-66
361,6,-122,-3,1,0,2,7,-70
362,6,-126,-3,0,-1,2,8,-72
363,6,-128,-3,0,-1,2,6,-75
364,6,-178,-3,3,0,3,6,-77
365,5,-169,-3,7,-1,3,14,-77
366,9,-117,-2,10,0,3,15,-55
367,8,-100,3,4,0,2,13,-42
368,6,-143,0,2,-12,1,12,-40
369,25,-96,1,2,-1,1,11,-40
370,1,-90,0,2,0,1,10,-43
371,8,-91,-3,1,-1,1,9,-43
372,8,-96,-1,2,0,1,10,-45
373,7,-100,0,1,-1,1,9,-50
374,6,-107,0,0,0,1,9,-58
375,6,-111,-1,0,-1,1,8,-61
376,10,-115,-2,0,-1,1,8,-62
377,12,-118,-2,1,0,1,9,-66
378,12,-120,0,3,0,1,10,-71
379,9,-122,-1,3,0,1,9,-72
380,28,-122,-2,2,0,1,10,-71
381,9,-125,-2,0,0,1,8,-79
382,9,-125,-2,3,0,1,8,-79
383,56,-125,-2,2,0,1,7,-79
384,11,-125,-2,4,0,1,10,-82
385,8,-125,-2,0,0,1,10,-80
386,8,-125,-2,0,0,2,8,-81
387,7,-126,-2,1,-1,1,7,-82
388,7,-127,-2,0,0,1,8,-87
389,7,-127,-2,1,-1,1,7,-86
390,18,-114,-3,1,0,2,14,-88
391,8,-115,-2,1,0,2,10,-87
392,7,-115,-2,1,0,2,9,-90
393,9,-114,-2,1,0,2,10,-92
394,10,-127,-2,1,0,2,11,-92
395,9,-118,-2,1,0,2,11,-99
396,8,-131,-2,2,0,2,8,-101
397,8,-131,-2,0,1,2,12,-98
398,-32,-123,-2,7,1,2,15,-93
399,10,-127,-2,4,1,2,13,-98
400,10,-125,-2,2,1,1,14,-91
401,10,-126,-2,2,1,2,13,-84
402,9,-122,-2,3,1,2,19,-90
403,685,-123,-2,5,1,2,15,-89
404,9,-126,-2,6,1,2,14,-97
405,9,-126,-2,4,0,2,12,-97
406,9,-127,-2,2,0,2,11,-97
407,8,-126,-2,4,-1,2,11,-97
408,777,-125,-2,2,0,2,15,-98
409,308,-126,-2,3,0,2,12,-96
410,284,-127,-3,6,0,2,19,-75
411,8,-125,-2,6,0,2,18,-61
412,158,-123,-2,4,0,0,18,-57
413,23,-118,-2,14,0,1,19,-39
414,-82,-86,2,10,0,2,14,-15
415,-61,-75,3,6,-1,0,14,-17
416,6,-72,-2,4,-10,0,13,-18
417,9,-65,-2,8,0,2,14,2
418,8,-61,0,5,-1,0,14,1
419,8,-64,-1,4,-4,0,14,-4
420,-75,-67,-2,4,-1,0,13,-10
421,3,-69,-2,5,-1,1,12,-12
422,285,-74,-2,4,-1,1,14,-17
423,374,-80,-2,4,-1,0,13,-19
424,374,0,-2,19,0,3,16,9
425,84,22,3,12,0,0,13,10
426,67,23,0,12,0,-1,13,7
427,7,217,-1,10,-3,0,11,5
428,-75,5,-2,12,-1,-1,11,6
429,-64,6,-3,19,1,3,17,10
430,108,9,3,13,0,0,13,10
431,816,17,0,13,0,0,13,8
432,363,16,-1,14,0,-1,13,7
433,-48,15,-2,18,1,2,14,10
434,770,2,0,20,1,4,17,10
435,824,2,3,15,0,0,14,10
436,548,20,0,15,1,0,14,14
437,0,20,1,14,0,0,13,16
438,15,18,-1,13,0,-1,13,8
439,12,18,-2,14,-1,-1,13,8
440,13,13,-2,12,1,0,13,8
441,12,8,-2,12,1,-1,12,8
442,11,-5,-1,10,1,0,12,6
443,11,-26,-1,11,1,0,13,-2
444,13,-36,-2,13,1,0,14,-7
445,15,-45,-2,10,2,1,12,1
446,13,-55,0,11,2,0,13,0
447,12,-60,-1,12,2,0,15,-2
448,11,-70,0,11,1,0,13,-12
449,9,-77,0,12,1,-1,12,-19
450,9,-82,-2,12,1,-1,12,-22
451,9,-86,-2,12,1,-1,12,-24
452,9,-90,-2,12,1,-1,12,-26
453,9,-93,-2,13,1,-1,12,-29
454,10,-93,-2,14,1,-1,13,-31
455,10,-95,-2,13,1,0,12,-29
456,11,-95,-2,13,1,0,14,-22
457,11,-95,0,16,1,1,13,-26
458,12,-96,0,13,1,0,13,-30
459,14,-94,0,18,3,3,14,-25
460,16,-70,2,15,2,-1,14,11
461,14,-68,1,15,2,-1,14,7
462,12,-68,2,11,2,-1,13,3
463,13,-59,1,15,2,1,15,13
464,13,-55,3,12,2,-1,14,7
465,12,-59,2,12,3,-1,13,2
466,12,-64,2,12,3,0,14,2
467,11,-68,3,13,2,0,14,9
468,12,-75,3,12,3,0,15,-12
469,12,-77,3,13,2,0,15,-16
470,12,-79,2,12,0,0,14,-16
471,12,-80,2,18,3,2,17,-4
472,12,-78,5,15,3,0,16,-4
473,12,-76,5,14,3,1,14,-5
474,13,-77,4,19,3,2,16,3
475,17,-36,4,17,3,1,17,14
476,15,-41,5,16,2,0,16,13
477,14,-47,5,16,-2,1,14,10
478,16,-34,5,18,3,1,16,11
479,16,-32,6,15,3,1,16,11
480,17,-22,6,15,4,1,17,12
481,15,-12,6,16,3,1,16,12
482,14,-15,5,13,0,0,15,10
483,14,-21,4,15,-4,1,16,6
484,15,-30,6,16,0,1,15,5
485,14,-44,6,18,-1,1,16,0
486,15,-52,5,16,0,2,15,1
487,14,-54,6,17,3,1,16,-5
488,17,-30,5,0,3,3,19,10
489,16,-32,6,18,3,1,16,10
490,14,-42,7,18,3,1,16,4
491,14,-50,6,15,3,1,16,0
492,14,-50,5,20,4,2,16,-2
493,12,-54,6,18,4,1,16,-13
494,13,-63,6,14,4,1,16,-18
495,13,-69,6,14,4,1,16,-22
496,13,-74,5,13,5,1,15,-29
497,13,-76,5,15,5,1,15,-32
498,16,-67,5,14,5,1,16,-12
499,19,-46,6,17,6,2,18,-11
500,18,-34,7,20,5,2,18,1
501,18,-36,7,17,4,2,17,-1
502,17,-39,6,17,4,2,18,-8
503,17,-33,7,21,5,3,18,-1
504,17,-29,8,0,5,2,18,4
505,17,-36,6,20,5,2,17,-8
506,16,-48,5,20,-7,3,17,-15
507,16,-54,4,18,-8,2,16,-15
508,17,-59,5,17,-5,2,18,-18
509,16,-65,6,16,0,2,16,0
510,15,-66,5,17,-15,3,16,-10
511,22,8,4,5,3,4,19,18
512,22,4,8,6,4,3,19,16
513,21,20,9,4,4,2,18,19
514,21,12,7,3,4,3,17,10
515,20,8,5,0,-14,3,16,-2
516,18,-18,5,20,-20,2,16,-14
517,16,-35,4,20,-24,2,16,-25
518,16,-55,2,18,-29,2,13,-35
519,15,-66,3,18,-31,2,13,-43
520,16,-67,2,1,-33,3,14,-50
521,15,-68,3,20,-34,3,13,-58
522,14,-68,3,19,-38,3,11,-68
523,16,-73,3,2,6,5,14,-41
524,16,-91,8,18,-18,3,13,-53
525,14,-99,4,18,-29,2,11,-67
526,14,-79,3,19,-33,3,12,-69
527,14,-79,5,19,-29,2,13,-74
528,14,-80,4,18,2,2,12,-74
529,15,-84,6,19,-19,2,14,-81
530,15,-84,5,19,-28,3,13,-85
531,14,-81,4,20,-33,3,14,-92
532,14,-87,4,0,-36,3,13,-93
533,13,-88,3,20,-28,3,15,-102
534,13,-91,4,19,-35,3,10,-107
535,13,-107,3,18,-40,2,9,-112
536,14,-85,3,20,-21,4,13,-108
537,15,-95,5,21,2,4,12,-88
538,16,-110,5,20,-15,3,10,-78
539,14,-114,5,1,5,4,14,-72
540,16,-96,8,21,6,3,13,-70
541,15,-101,7,20,5,3,12,-74
542,15,-83,6,19,2,3,14,-85
543,14,-80,6,19,-23,3,10,-94
544,13,-114,5,19,-28,2,8,-100
545,12,-116,4,19,-39,2,5,-110
546,12,-102,3,18,-46,3,3,-116
547,11,-101,3,19,-53,3,2,-123
548,11,-116,3,19,-53,2,5,-125
549,14,-104,4,21,4,2,7,-126
550,12,-115,6,19,-11,1,4,-128
551,12,-118,4,19,-34,1,0,-135
552,11,-122,4,19,-48,2,-1,-139
553,11,-126,4,19,-57,1,-2,-144
554,-9999,-127,4,19,-56,1,-4,-144
555,-9999,-87,7,18,-60,1,-6,-150
556,-9999,-114,6,19,-63,2,-8,-155
557,-9999,-132,5,18,-64,1,-10,-160
558,-9999,-126,6,19,-54,3,-4,-157
559,-9999,-129,5,18,-61,1,-10,-162
560,-9999,-118,7,17,-64,1,-12,-165
561,-9999,-122,6,18,-64,2,-14,-167
562,-9999,-135,5,18,-65,1,-16,-172
563,-9999,-137,4,18,-65,1,-19,-175
564,-9999,-138,5,18,-66,2,-21,-176
565,-9999,11,9,7,7,7,18,22
566,-9999,22,8,6,-16,5,15,21
567,-9999,-10,6,6,-25,3,13,-2
568,-9999,-54,6,6,-30,0,11,-18
569,-9999,-72,9,10,8,4,17,-1
570,-9999,-81,8,10,3,3,16,1
571,-9999,-89,7,10,-17,1,15,-18
572,-9999,-95,8,9,-26,-1,15,-31
573,-9999,-103,8,10,-32,-1,13,-41
574,-9999,-101,8,12,-28,3,14,-27
575,-9999,-103,8,9,-24,1,12,-17
576,-9999,-109,8,11,-26,-1,11,-28
577,-9999,-117,8,8,-32,-2,10,-40
578,-9999,-122,8,9,-36,0,9,-47
579,-9999,-112,8,9,-32,0,8,-50
580,-9999,-113,8,11,5,3,11,-35
581,-9999,-114,8,10,-10,0,10,-39
582,-9999,-120,8,9,-22,0,8,-53
583,-9999,-123,8,10,-26,-2,6,-61
584,-9999,-121,8,11,-24,-2,8,-63
585,-9999,-123,8,11,-30,-2,5,-67
586,-9999,-113,8,12,-10,-2,9,-73
587,-9999,-118,9,10,-9999,-2,7,-65
588,-9999,-123,9,5,-9999,-3,4,-71
589,-9999,-184,-9999,9,-9999,-3,3,-9999
590,-9999,-184,-9999,10,-9999,-2,-9999,-9999
591,-9999,-183,-9999,11,-9999,0,-9999,-9999
592,-9999,-183,-9999,12,-9999,4,-9999,-9999
593,-9999,-183,-9999,16,-9999,-2,-9999,-9999
692,-9999,-9999,-9999,-9999,-9999,-9999,-9999,6
693,-9999,-9999,-9999,-9999,-9999,-9999,-9999,1
694,-9999,-9999,0,-9999,-9999,-9999,-9999,-6
695,-9999,-9999,0,-9999,-9999,-9999,-9999,-11
696,-9999,-9999,0,-9999,-9999,-9999,-9999,-15
697,-9999,-9999,0,-9999,-9999,-9999,-9999,9
698,-9999,-9999,0,-9999,-9999,-9999,-9999,11
699,-9999,-9999,0,-9999,-9999,-9999,-9999,16
700,-9999,-9999,0,-9999,-9999,-9999,-9999,8
701,-9999,-9999,0,-9999,-9999,-9999,-9999,3
702,-9999,-9999,0,-9999,-9999,-9999,-9999,1
703,-9999,-9999,0,-9999,-9999,-9999,-9999,0
704,-9999,-9999,10,-9999,-9999,-9999,-9999,-1
705,-9999,-9999,11,-9999,-9999,-9999,-9999,13
706,-9999,-9999,10,-9999,-9999,-9999,-9999,19
707,-9999,-9999,8,-9999,-9999,-9999,-9999,12
708,-9999,-9999,7,-9999,-9999,-9999,-9999,8
709,-9999,-9999,6,-9999,-9999,-9999,-9999,5
710,-9999,-9999,5,-9999,-9999,-9999,-9999,2
711,-9999,-9999,6,-9999,-9999,-9999,-9999,2
712,-9999,-9999,6,-9999,-9999,-9999,-9999,1
713,-9999,-9999,8,-9999,-9999,-9999,-9999,1
714,-9999,-9999,10,-9999,-9999,-9999,-9999,2
715,-9999,-9999,8,-9999,-9999,-9999,-9999,10
716,-9999,-9999,7,-9999,-9999,-9999,-9999,3
717,-9999,-9999,6,-9999,-9999,-9999,-9999,2
718,-9999,-9999,8,-9999,-9999,-9999,-9999,2
719,-9999,-9999,8,-9999,-9999,-9999,-9999,2
720,-9999,-9999,13,-9999,-9999,-9999,-9999,4
721,-9999,-9999,10,-9999,-9999,-9999,-9999,14
722,-9999,-9999,9,-9999,-9999,-9999,-9999,13
723,-9999,-9999,8,-9999,-9999,-9999,-9999,10
724,-9999,-9999,5,-9999,-9999,-9999,-9999,7
725,-9999,-9999,6,-9999,-9999,-9999,-9999,5
726,-9999,-9999,6,-9999,-9999,-9999,-9999,3
727,-9999,-9999,5,-9999,-9999,-9999,-9999,8
728,-9999,-9999,5,-9999,-9999,-9999,-9999,4
729,-9999,-9999,6,-9999,-9999,-9999,-9999,4
730,-9999,-9999,7,-9999,-9999,-9999,-9999,9
731,-9999,-9999,7,-9999,-9999,-9999,-9999,6
732,-9999,-9999,4,-9999,-9999,-9999,-9999,4
733,-9999,-9999,4,-9999,-9999,-9999,-9999,3
734,-9999,-9999,4,-9999,-9999,-9999,-9999,2
735,-9999,-9999,4,-9999,-9999,-9999,-9999,4
736,-9999,-9999,5,-9999,-9999,-9999,-9999,4
737,-9999,-9999,5,-9999,-9999,-9999,-9999,4
738,-9999,-9999,5,-9999,-9999,-9999,-9999,5
739,-9999,-9999,4,-9999,-9999,-9999,-9999,3
740,-9999,-9999,5,-9999,-9999,-9999,-9999,4
741,-9999,-9999,4,-9999,-9999,-9999,-9999,2
742,-9999,-9999,8,-9999,-9999,-9999,-9999,3
743,-9999,-9999,4,-9999,-9999,-9999,-9999,4
744,-9999,-9999,3,-9999,-9999,-9999,-9999,1
745,-9999,-9999,3,-9999,-9999,-9999,-9999,1
746,-9999,-9999,3,-9999,-9999,-9999,-9999,-2
747,-9999,-9999,8,-9999,-9999,-9999,-9999,4
748,-9999,-9999,4,-9999,-9999,-9999,-9999,10
749,-9999,-9999,3,-9999,-9999,-9999,-9999,1
750,-9999,-9999,4,-9999,-9999,-9999,-9999,-1
751,-9999,-9999,3,-9999,-9999,-9999,-9999,0
752,-9999,-9999,4,-9999,-9999,-9999,-9999,-4
753,-9999,-9999,8,-9999,-9999,-9999,-9999,2
754,-9999,-9999,6,-9999,-9999,-9999,-9999,15
755,-9999,-9999,5,-9999,-9999,-9999,-9999,11
756,-9999,-9999,7,-9999,-9999,-9999,-9999,8
757,-9999,-9999,7,-9999,-9999,-9999,-9999,16
758,-9999,-9999,6,-9999,-9999,-9999,-9999,17
759,-9999,-9999,6,-9999,-9999,-9999,-9999,16
760,-9999,-9999,3,-9999,-9999,-9999,-9999,11
761,-9999,-9999,7,-9999,-9999,-9999,-9999,8
762,-9999,-9999,8,-9999,-9999,-9999,-9999,7
763,-9999,-9999,5,-9999,-9999,-9999,-9999,12
764,-9999,-9999,6,-9999,-9999,-9999,-9999,8
765,-9999,-9999,4,-9999,-9999,-9999,-9999,11
766,-9999,-9999,6,-9999,-9999,-9999,-9999,11
767,-9999,-9999,7,-9999,-9999,-9999,-9999,5
768,-9999,-9999,5,-9999,-9999,-9999,-9999,10
769,-9999,-9999,4,-9999,-9999,-9999,-9999,10
770,-9999,-9999,5,-9999,-9999,-9999,-9999,3
771,-9999,-9999,2,-9999,-9999,-9999,-9999,-28
772,-9999,-9999,4,-9999,-9999,-9999,-9999,-31
773,-9999,-9999,5,-9999,-9999,-9999,-9999,-35
774,-9999,-9999,4,-9999,-9999,-9999,-9999,-38
775,-9999,-9999,3,-9999,-9999,-9999,-9999,-38
776,-9999,-9999,6,-9999,-9999,-9999,-9999,-34
777,-9999,-9999,8,-9999,-9999,-9999,-9999,-29
778,-9999,-9999,8,-9999,-9999,-9999,-9999,-19
779,-9999,-9999,8,-9999,-9999,-9999,-9999,-24
780,-9999,-9999,4,-9999,-9999,-9999,-9999,-30
781,-9999,-9999,6,-9999,-9999,-9999,-9999,-33
782,-9999,-9999,3,-9999,-9999,-9999,-9999,-38
783,-9999,-9999,7,-9999,-9999,-9999,-9999,-36
784,-9999,-9999,8,-9999,-9999,-9999,-9999,-35
785,-9999,-9999,9,-9999,-9999,-9999,-9999,10
786,-9999,-9999,5,-9999,-9999,-9999,-9999,1
787,-9999,-9999,7,-9999,-9999,-9999,-9999,-14
788,-9999,-9999,8,-9999,-9999,-9999,-9999,-16
789,-9999,-9999,8,-9999,-9999,-9999,-9999,-25
790,-9999,-9999,10,-9999,-9999,-9999,-9999,-26
791,-9999,-9999,7,-9999,-9999,-9999,-9999,13
792,-9999,-9999,8,-9999,-9999,-9999,-9999,10
793,-9999,-9999,7,-9999,-9999,-9999,-9999,14
794,-9999,-9999,6,-9999,-9999,-9999,-9999,8
795,-9999,-9999,5,-9999,-9999,-9999,-9999,6
796,-9999,-9999,6,-9999,-9999,-9999,-9999,2
797,-9999,-9999,9,-9999,-9999,-9999,-9999,3
798,-9999,-9999,9,-9999,-9999,-9999,-9999,-3
799,-9999,-9999,7,-9999,-9999,-9999,-9999,4
800,-9999,-9999,7,-9999,-9999,-9999,-9999,2
801,-9999,-9999,9,-9999,-9999,-9999,-9999,1
802,-9999,-9999,10,-9999,-9999,-9999,-9999,2
803,-9999,-9999,11,-9999,-9999,-9999,-9999,2
804,-9999,-9999,9,-9999,-9999,-9999,-9999,5
805,-9999,-9999,10,-9999,-9999,-9999,-9999,1
806,-9999,-9999,8,-9999,-9999,-9999,-9999,-5
807,-9999,-9999,9,-9999,-9999,-9999,-9999,1
808,-9999,-9999,9,-9999,-9999,-9999,-9999,-14
809,-9999,-9999,10,-9999,-9999,-9999,-9999,9
810,-9999,-9999,10,-9999,-9999,-9999,-9999,2
811,-9999,-9999,10,-9999,-9999,-9999,-9999,-188
812,-9999,-9999,-9999,-9999,-9999,-9999,-9999,-189
813,-9999,-9999,-9999,-9999,-9999,-9999,-9999,-188
814,-9999,-9999,-9999,-9999,-9999,-9999,-9999,-188
815,-9999,-9999,-9999,-9999,-9999,-9999,-9999,-188
816,-9999,-9999,-9999,-9999,-9999,-9999,-9999,-188
817,-9999,-9999,-9999,-9999,-9999,-9999,-9999,-187
818,-9999,-9999,-9999,-9999,-9999,-9999,-9999,-187
819,-9999,-9999,-9999,-9999,-9999,-9999,-9999,-188
820,-9999,-9999,-9999,-9999,-9999,-9999,-9999,-38
821,-9999,-9999,-9999,-9999,-9999,-9999,-9999,-34
822,-9999,-9999,-9999,-9999,-9999,-9999,-9999,-38
823,-9999,-9999,-9999,-9999,-9999,-9999,-9999,-37
824,-9999,-9999,-9999,-9999,-9999,-9999,-9999,-40
825,-9999,-9999,-9999,-9999,-9999,-9999,-9999,-43
826,-9999,-9999,-9999,-9999,-9999,-9999,-9999,-48
827,-9999,-9999,-9999,-9999,-9999,-9999,-9999,-51
828,-9999,-9999,-9999,-9999,-9999,-9999,-9999,-55
829,-9999,-9999,-9999,-9999,-9999,-9999,-9999,-58
830,-9999,-9999,-9999,-9999,-9999,-9999,-9999,-60
831,-9999,-9999,-9999,-9999,-9999,-9999,-9999,-62
832,-9999,-9999,-9999,-9999,-9999,-9999,-9999,-63
833,-9999,-9999,-9999,-9999,-9999,-9999,-9999,-63
834,-9999,-9999,-9999,-9999,-9999,-9999,-9999,-59
835,-9999,-9999,-9999,-9999,-9999,-9999,-9999,-65
836,-9999,-9999,-9999,-9999,-9999,-9999,-9999,-62
837,-9999,-9999,-9999,-9999,-9999,-9999,-9999,-68
838,-9999,-9999,-9999,-9999,-9999,-9999,-9999,-73
839,-9999,-9999,-9999,-9999,-9999,-9999,-9999,-74
840,-9999,-9999,-9999,-9999,-9999,-9999,-9999,-74
841,-9999,-9999,-9999,-9999,-9999,-9999,-9999,-76
842,-9999,-9999,-9999,-9999,-9999,-9999,-9999,-78
843,-9999,-9999,-9999,-9999,-9999,-9999,-9999,-78
844,-9999,-9999,-9999,-9999,-9999,-9999,-9999,-77
845,-9999,-9999,-9999,-9999,-9999,-9999,-9999,-78
846,-9999,-9999,-9999,-9999,-9999,-9999,-9999,-84
847,-9999,-9999,-9999,-9999,-9999,-9999,-9999,-86
848,-9999,-9999,-9999,-9999,-9999,-9999,-9999,-86
849,-9999,-9999,-9999,-9999,-9999,-9999,-9999,-86
850,-9999,-9999,-9999,-9999,-9999,-9999,-9999,-88
851,-9999,-9999,-9999,-9999,-9999,-9999,-9999,-89
852,-9999,-9999,-9999,-9999,-9999,-9999,-9999,-68
853,-9999,-9999,-9999,-9999,-9999,-9999,-9999,-70
854,-9999,-9999,-9999,-9999,-9999,-9999,-9999,-74
855,-9999,-9999,-9999,-9999,-9999,-9999,-9999,-78
856,-9999,-9999,-9999,-9999,-9999,-9999,-9999,-80
857,-9999,-9999,-9999,-9999,-9999,-9999,-9999,-85
858,-9999,-9999,-9999,-9999,-9999,-9999,-9999,-87
859,-9999,-9999,-9999,-9999,-9999,-9999,-9999,-86
860,-9999,-9999,-9999,-9999,-9999,-9999,-9999,-47
861,-9999,-9999,-9999,-9999,-9999,-9999,-9999,-45
862,-9999,-9999,-9999,-9999,-9999,-9999,-9999,-49
863,-9999,-9999,-9999,-9999,-9999,-9999,-9999,-56
864,-9999,-9999,-9999,-9999,-9999,-9999,-9999,-60
865,-9999,-9999,-9999,-9999,-9999,-9999,-9999,-65
866,-9999,-9999,-9999,-9999,-9999,-9999,-9999,-74
867,-9999,-9999,-9999,-9999,-9999,-9999,-9999,-82
868,-9999,-9999,-9999,-9999,-9999,-9999,-9999,-89
869,-9999,-9999,-9999,-9999,-9999,-9999,-9999,-93
870,-9999,-9999,-9999,-9999,-9999,-9999,-9999,-100
871,-9999,-9999,-9999,-9999,-9999,-9999,-9999,-107
872,-9999,-9999,-9999,-9999,-9999,-9999,-9999,-111
873,-9999,-9999,0,-9999,-9999,-9999,-9999,-114
874,-9999,-9999,1,-9999,-9999,-9999,-9999,-113
875,-9999,-9999,1,-9999,-9999,-9999,-9999,-119
876,-9999,-9999,1,-9999,-9999,-9999,-9999,-124
877,-9999,-9999,2,-9999,-9999,-9999,-9999,-129
878,-9999,-9999,2,-9999,-9999,-9999,-9999,-132
879,-9999,-9999,2,-9999,-9999,-9999,-9999,-134
880,-9999,-9999,2,-9999,-9999,-9999,-9999,-138
881,-9999,-9999,2,-9999,-9999,-9999,-9999,-142
882,13,-9999,2,-9999,-9999,-9999,-9999,-146
883,16,-135,2,0,-9999,6,-9999,-147
884,13,-134,2,3,-9999,7,-9999,-142
885,14,-136,2,2,-9999,6,-9999,-146
886,14,-139,2,2,-9999,6,-9999,-150
887,13,-139,2,2,-9999,6,1,-151
888,14,-138,2,2,-9999,6,0,-152
889,14,-140,2,2,-9999,-9999,1,-156
890,12,-138,2,2,-9999,-9999,-4,-155
891,13,-140,2,4,-9999,-9999,-6,-157
892,12,-141,2,4,-9999,-9999,-7,-159
893,12,-143,2,4,-9999,-9999,-9,-163
894,12,-141,3,3,-9999,-9999,-8,-164
895,9,-143,2,3,-9999,-9999,-12,-165
896,10,-142,1,4,-9999,1,-16,-166
897,12,-142,2,5,-9999,7,-17,-163
898,12,-145,2,6,-9999,8,-21,-167
899,12,-146,2,6,-9999,7,-24,-172
900,12,-140,3,6,-9999,9,-13,-167
901,12,-140,3,5,-9999,8,-5,-167
902,12,-142,3,3,-9999,6,-13,-169
903,11,-144,3,3,-9999,5,-16,-175
904,12,-146,3,2,-9999,5,-23,-176
905,11,-147,2,2,-9999,5,-27,-177
906,12,-148,2,4,-9999,5,-30,-177
907,12,-148,3,5,-9999,5,-33,-178
908,9,-148,6,4,-9999,5,-34,-178
909,10,-150,5,5,-9999,5,-37,-175
910,11,-152,6,6,-9999,5,-38,-174
911,10,-152,6,7,-9999,4,-40,-175
912,9,-152,5,4,-9999,4,-42,-175
913,10,-152,6,6,-9999,4,-44,-175
914,8,-152,5,5,-9999,3,-46,-175
915,15,-153,5,-21,-9999,4,-48,-176
916,16,-150,8,6,-9999,-9999,-55,-168
917,18,-150,7,2,-9999,-9999,-49,-173
918,16,-148,6,4,-9999,-9999,-49,-174
919,16,-150,6,2,-9999,-9999,-54,-179
920,15,-153,6,1,-9999,-9999,-61,-179
921,14,-154,6,1,-9999,-9999,-67,-179
922,14,-155,6,-6,-9999,2,-72,-178
923,13,-155,6,1,-9999,2,-76,-178
924,13,-155,6,2,-9999,3,-80,-178
925,14,-154,6,4,-9999,2,-84,-179
926,12,-154,6,3,-9999,2,-85,-179
927,13,-155,6,3,-9999,3,-85,-179
928,12,-154,6,2,-9999,2,-85,-179
929,12,-154,6,1,-9999,2,-85,-179
930,15,-154,7,3,-9999,2,-85,-179
931,14,-155,6,0,-9999,2,-85,-179
932,17,-146,7,4,-9999,4,-84,-178
933,15,-146,7,2,-9999,4,-84,-178
934,16,-150,6,3,-9999,4,-84,-179
935,15,-152,6,2,-9999,2,-85,-179
936,13,-153,6,3,-9999,2,-85,-180
937,11,-154,6,-1,-9999,1,-85,-180
938,13,-155,7,2,-9999,2,-85,-179
939,15,-140,8,3,-9999,2,-85,-179
940,17,-126,8,4,-9999,7,-85,-178
941,14,-129,7,2,-9999,3,-85,-178
942,13,-136,6,2,-9999,2,-85,-180
943,14,-142,7,4,-9999,3,-85,-180
944,13,-145,7,3,-9999,2,-85,-180
945,12,-147,6,2,-9999,2,-85,-180
946,12,-148,7,3,-9999,3,-85,-180
947,12,-151,7,3,-9999,2,-85,-180
948,14,-151,7,3,-9999,2,-85,-180
949,13,-148,7,3,-9999,3,-85,-180
950,12,-149,7,2,-9999,2,-85,-179
951,12,-151,8,2,-9999,3,-85,-179
952,11,-154,8,3,-9999,3,-85,-179
953,16,-152,7,3,-9999,2,-85,-179
954,15,-140,8,4,-9999,4,-77,-179
955,16,-140,8,4,-9999,3,-77,-178
956,15,-143,7,4,-9999,2,-77,-180
957,16,-145,7,4,-9999,2,-84,-179
958,15,-146,7,5,-9999,2,-85,-178
959,15,-148,8,4,-9999,1,-85,-179
960,16,-149,8,3,-9999,2,-85,-180
961,14,-150,7,1,-9999,0,-85,-180
962,14,-151,7,0,-9999,1,-85,-179
963,14,-152,8,1,-9999,3,-84,-179
964,14,-152,7,3,-9999,2,-85,-178
965,14,-152,7,4,-9999,4,-84,-177
966,14,-153,8,3,-9999,2,-84,-178
967,14,-154,8,3,-9999,2,-84,-179
968,14,-155,8,2,-9999,1,-84,-179
969,13,-155,8,2,-9999,0,-84,-179
970,13,-155,8,2,-9999,1,-85,-179
971,17,-147,10,6,-9999,6,-84,-177
972,14,-145,7,2,-9999,1,-84,-177
973,14,-148,7,2,-9999,0,-84,-177
974,14,-150,7,3,-9999,2,-82,-178
975,16,-152,9,3,-9999,2,-84,-177
976,18,-147,10,4,-9999,6,-84,-177
977,18,-135,9,4,-9999,2,-84,-177
978,18,-133,9,5,-9999,6,-85,-178
979,19,-131,9,7,-9999,5,-54,-172
980,19,-132,8,4,-9999,1,-60,-173
981,19,-134,8,6,-9999,4,-50,-173
982,18,-132,8,7,-9999,4,-27,-174
983,17,-124,8,5,-9999,0,-14,-172
984,16,-123,8,4,-9999,0,-17,-172
985,16,-127,7,4,-9999,0,-20,-172
986,16,-131,7,5,-9999,2,-26,-173
987,17,-134,8,7,-9999,2,-34,-173
988,18,-136,9,6,-9999,2,-39,-173
989,16,-137,7,3,-9999,0,-41,-173
990,15,-140,7,3,-9999,1,-43,-174
991,16,-141,8,4,-9999,2,-46,-174
992,19,-142,9,8,-9999,3,-48,-174
993,15,-139,7,4,-9999,1,-42,-175
994,15,-141,7,2,-9999,1,-45,-175
995,18,-143,9,6,-9999,3,-47,-176
996,17,-143,8,8,-9999,7,-7,-175
997,16,-131,8,4,-9999,3,-14,-176
998,15,-131,7,3,-9999,1,-18,-177
999,16,-134,7,3,-9999,3,-20,-177
1000,19,-136,9,8,-9999,4,-23,-178
1001,18,-131,9,7,-9999,5,-6,-176
1002,16,-131,8,5,-9999,2,-10,-175
1003,15,-133,7,3,-9999,1,-12,-175
1004,16,-136,7,4,-9999,2,-13,-175
1005,15,-137,7,3,-9999,2,-14,-175
1006,18,-138,8,6,-9999,5,-14,-175
1007,18,-131,9,6,-9999,4,-10,-175
1008,16,-127,8,4,-9999,2,-13,-175
1009,18,-129,8,4,-9999,2,-14,-175
1010,16,-131,8,5,-9999,6,-6,-175
1011,16,-126,7,3,-9999,1,-9,-174
1012,15,-128,6,2,-9999,1,-10,-169
1013,15,-130,6,2,-9999,1,-11,-169
1014,16,-133,6,2,-9999,4,-11,-169
1015,15,-135,7,3,-9999,4,-12,-172
1016,16,-136,7,4,-9999,5,-14,-172
1017,15,-134,6,2,-9999,4,-15,-172
1018,18,-139,8,7,-9999,6,-13,-172
1019,16,-140,9,6,-9999,4,-12,-171
1020,16,-139,8,5,-9999,3,-14,-172
1021,16,-139,7,4,-9999,2,-15,-172
1022,16,-140,8,6,-9999,4,-15,-172
1023,16,-139,8,6,-9999,4,-14,-172
1024,16,-140,8,6,-9999,6,-13,-172
1025,15,-140,8,6,-9999,6,-15,-173
1026,15,-139,7,5,-9999,6,-16,-173
1027,18,-142,9,7,-9999,6,-16,-173
1028,18,-141,9,9,-9999,5,-15,-173
1029,16,-142,9,7,-9999,4,-16,-173
1030,16,-141,8,6,-9999,5,-16,-174
1031,16,-141,8,7,-9999,6,-11,-173
1032,16,-128,8,6,-9999,4,-7,-173
1033,17,-110,8,8,-9999,5,4,-164
1034,21,-60,8,5,-9999,6,14,-67
1035,22,-34,8,0,-9999,7,19,16
1036,22,-29,8,6,-9999,4,16,18
1037,22,-30,7,5,-9999,4,14,12
1038,22,-30,7,5,-9999,4,13,10
1039,22,-30,7,5,-9999,4,13,8
1040,22,-37,7,5,-9999,4,12,8
1041,21,-47,7,5,-9999,4,12,6
1042,21,-58,6,4,-9999,4,11,1
1043,21,-67,6,4,-9999,4,10,3
1044,21,-73,6,5,-9999,5,10,3
1045,23,-76,7,6,-9999,7,12,15
1046,21,-88,8,8,-9999,7,12,13
1047,22,-90,8,9,-9999,7,11,-10
1048,20,-91,7,5,-9999,5,11,0
1049,20,-88,7,4,-9999,5,11,1
1050,20,-88,6,4,-9999,4,11,-3
1051,20,-86,6,4,-9999,5,11,-2
1052,20,-88,6,4,-9999,5,10,-1
1053,20,-93,6,4,-9999,5,10,-2
1054,20,-96,6,5,-9999,5,10,-25
1055,21,-100,7,6,-9999,7,10,-25
1056,20,-103,7,7,-9999,7,10,-16
1057,20,-107,7,6,-9999,6,9,-31
1058,23,-107,7,8,-9999,8,10,-23
1059,20,-110,7,5,-9999,6,8,-37
1060,20,-113,7,5,-9999,6,8,-41
1061,20,-112,6,5,-9999,6,8,-46
1062,20,-117,7,6,-9999,6,7,-40
1063,20,-116,6,5,-9999,6,7,-56
1064,20,-118,6,5,-9999,6,6,-60
1065,20,-120,6,5,-9999,6,6,-62
1066,20,-122,7,7,-9999,8,7,-64
1067,22,-124,8,9,-9999,8,7,-67
1068,22,-118,9,8,-9999,9,9,-72
1069,19,-120,8,5,-9999,9,8,-73
1070,20,-119,8,6,-9999,8,10,-55
1071,19,-116,6,3,-9999,6,11,-44
1072,22,-111,6,3,-9999,6,11,-42
1073,24,-108,8,9,-9999,9,14,-37
1074,21,-103,8,4,-9999,9,14,-40
1075,24,-96,9,8,-9999,10,16,-38
1076,21,-79,8,4,-9999,7,16,-22
1077,20,-78,6,3,-9999,5,14,-28
1078,20,-80,6,3,-9999,5,14,-32
1079,20,-81,6,3,-9999,6,13,-36
1080,2,-82,6,4,-9999,6,13,-39
1081,2,-88,7,7,-9999,9,14,-38
1082,1,-89,8,7,-9999,9,13,-41
1083,2,-88,8,8,-9999,9,14,-42
1084,1,-88,7,4,-9999,6,14,-16
1085,2,-88,7,3,-9999,6,14,-20
1086,3,-88,8,9,-9999,9,15,-3
1087,4,-88,7,5,-9999,6,15,-12
1088,19,-88,6,4,-9999,5,14,-17
1089,20,-83,6,4,-9999,5,14,-18
1090,10,-84,6,5,-9999,6,14,-15
1091,9,-86,6,5,-9999,7,14,-16
1092,19,-85,6,5,-9999,6,14,-17
1093,21,-88,6,5,-9999,6,14,-21
1094,22,-87,6,4,-9999,6,14,-26
1095,22,-90,6,4,-9999,6,14,-25
1096,21,-87,6,3,-9999,5,13,-30
1097,100,-89,6,4,-9999,7,14,-26
1098,20,-88,6,4,-9999,6,14,-30
1099,17,-89,6,1,-9999,5,12,-31
1100,22,-88,6,3,-9999,6,13,-31
1101,21,-90,6,1,-9999,5,13,-37
1102,222,-100,6,4,-9999,7,13,-39
1103,768,-107,6,5,-9999,7,13,-40
1104,18,-105,6,4,-9999,6,14,-39
1105,17,-100,6,4,-9999,6,14,-43
1106,20,-106,6,6,-9999,8,15,-38
1107,100,-104,6,6,-9999,9,15,-34
1108,872,-87,7,4,-9999,9,17,-2
1109,445,-84,8,3,-9999,8,16,-3
1110,413,-81,8,4,-9999,8,16,4
1111,13,-76,6,3,-9999,5,15,-10
1112,16,-73,6,4,-9999,6,15,-8
1113,463,-73,6,4,-9999,6,14,-7
1114,20,-75,6,4,-9999,5,13,-17
1115,17,-79,6,4,-9999,6,14,-19
1116,753,-79,6,5,-9999,6,15,-21
1117,17,-81,5,2,-9999,5,12,-26
1118,15,-81,5,-2,-9999,3,11,-30
1119,15,-85,2,-3,-9999,4,9,-36
1120,15,-86,3,-3,-9999,4,9,-41
1121,14,-90,3,-4,-9999,4,9,-49
1122,16,-91,5,-2,-9999,5,9,-52
1123,15,-94,6,3,-9999,5,10,-57
1124,17,-99,6,4,-9999,5,10,-58
1125,-78,-107,7,8,-9999,7,15,-57
1126,134,-104,7,7,-9999,8,16,-23
1127,20,-92,6,4,-9999,8,18,-1
1128,17,-85,4,1,-9999,5,15,-16
1129,16,-82,2,-2,-9999,2,14,-22
1130,16,-80,2,0,-9999,2,14,-22
1131,16,-80,2,0,-9999,2,14,-25
1132,17,-80,3,3,-9999,3,14,-26
1133,19,-82,3,0,-9999,5,15,-29
1134,18,-82,3,-3,-9999,3,13,-32
1135,185,-86,4,1,-9999,6,14,-32
1136,18,-89,3,2,-9999,5,16,-27
1137,17,-84,3,-2,-9999,4,16,-32
1138,-74,-83,3,3,-9999,6,17,-28
1139,-84,-92,4,3,-9999,6,17,-23
1140,17,-91,4,2,-9999,6,16,-25
1141,15,-92,4,1,-9999,5,15,-28
1142,8,-91,4,3,-9999,7,15,-28
1143,16,-93,4,2,-9999,5,14,-32
1144,16,-90,3,-1,-9999,3,13,-35
1145,15,-85,2,-3,-9999,4,12,-39
1146,495,-83,4,1,-9999,6,13,-38
1147,16,-84,3,-2,-9999,3,13,-37
1148,16,-92,3,-2,-9999,3,13,-41
1149,16,-93,3,-3,-9999,2,12,-43
1150,119,-95,4,1,-9999,6,13,-43
1151,102,-100,4,2,-9999,5,14,-45
1152,16,-106,4,1,-9999,5,14,-47
1153,15,-103,4,1,-9999,6,14,-49
1154,320,-86,6,7,-9999,9,18,-14
1155,234,-82,6,4,-9999,7,18,-5
1156,9,-81,5,3,-9999,5,16,-11
1157,19,-80,4,2,-9999,4,15,-15
1158,18,-80,4,1,-9999,4,14,-17
1159,16,-80,4,0,-9999,4,13,-21
1160,16,-81,4,0,-9999,4,14,-21
1161,10,-82,5,3,-9999,6,14,-20
1162,17,-83,5,3,-9999,6,14,-25
1163,14,-88,5,2,-9999,6,14,-28
1164,16,-95,5,1,-9999,4,14,-31
1165,15,-95,6,4,-9999,6,14,-31
1166,26,-94,11,2,-9999,5,13,-34
1167,23,-95,12,4,-9999,8,18,8
1168,17,-91,10,0,-9999,6,17,-8
1169,14,-85,9,0,-9999,5,16,-14
1170,18,-86,9,0,-9999,6,15,-18
1171,7,-86,10,3,-9999,8,16,-17
1172,8,-87,10,1,-9999,5,16,-15
1173,8,-88,9,0,-9999,5,15,-19
1174,14,-86,11,4,-9999,9,18,-6
1175,12,-87,9,0,-9999,4,16,-17
1176,14,-86,9,-2,-9999,4,15,-20
1177,16,-86,9,-1,-9999,3,15,-21
1178,8,-87,9,-1,-9999,4,15,-22
1179,17,-89,9,1,-9999,6,15,-24
1180,7,-90,10,1,-9999,7,15,-22
1181,8,-94,10,3,-9999,8,16,-20
1182,11,-96,10,2,-9999,8,17,-23
1183,8,-96,10,0,-9999,8,16,-24
1184,8,-96,11,0,-9999,8,16,-27
1185,17,-96,10,-1,-9999,6,15,-29
1186,17,-96,11,0,-9999,6,15,-30
1187,13,-96,12,0,-9999,9,16,-31
1188,17,-96,10,0,-9999,5,15,-37
1189,17,-94,10,0,-9999,5,15,-40
1190,17,-92,10,-1,-9999,5,15,-43
1191,17,-93,10,0,-9999,5,14,-43
1192,17,-95,10,0,-9999,5,15,-48
1193,14,-97,11,2,-9999,6,14,-48
1194,17,-108,12,2,-9999,6,13,-53
1195,5,-108,8,0,-9999,7,13,-59
1196,-76,-115,8,0,-9999,8,12,-57
1197,-76,-112,8,0,-9999,10,13,4
1198,-76,-91,8,4,-9999,7,19,9
1199,22,-80,7,4,-9999,6,19,7
1200,20,-79,6,3,-9999,4,18,-1
1201,19,-78,8,4,-9999,6,17,3
1202,19,-78,8,2,-9999,7,17,-7
1203,20,-78,8,3,-9999,7,16,2
1204,19,-83,7,2,-9999,7,16,-4
1205,19,-90,7,2,-9999,8,16,-19
1206,18,-90,6,3,-9999,6,16,-16
1207,18,-88,6,3,-9999,6,16,-26
1208,18,-87,6,4,-9999,7,17,-28
1209,18,-96,7,5,-9999,7,17,-30
1210,19,-100,8,6,-9999,8,17,-30
1211,18,-97,7,5,-9999,6,17,-13
1212,19,-93,6,4,-9999,6,18,-21
1213,19,-94,7,3,-9999,7,18,-24
1214,19,-101,8,4,-9999,7,18,-22
1215,21,-100,9,6,-9999,9,18,-12
1216,20,-99,8,4,-9999,8,19,-15
1217,20,-103,8,3,-9999,9,19,-30
1218,20,-103,7,3,-9999,9,18,-34
1219,19,-108,7,4,-9999,9,18,-37
1220,19,-111,7,3,-9999,9,18,-41
1221,19,-112,8,4,-9999,7,18,-44
1222,19,-114,7,4,-9999,7,18,-49
1223,19,-117,8,5,-9999,7,17,-54
1224,19,-118,9,6,-9,8,17,-59
1225,20,-120,9,5,-14,10,16,-62
1226,20,-121,7,5,2,10,15,-66
1227,21,-120,9,5,0,11,16,-63
1228,20,-116,8,4,-3,8,15,-65
1229,19,-120,7,3,-9,6,14,-70
1230,19,-121,7,4,-10,5,14,-72
1231,14,-126,9,5,-13,9,16,-75
1232,14,-128,7,7,-17,9,15,-80
1233,15,-129,7,6,-20,8,15,-86
1234,15,-130,7,6,-24,9,14,-91
1235,15,-131,7,7,-26,8,13,-96
1236,16,-132,7,6,-28,7,11,-101
1237,15,-133,7,5,-30,7,10,-108
1238,16,-134,7,4,-31,7,8,-114
1239,14,-135,6,7,-19,9,7,-120
1240,14,-134,6,3,-23,6,7,-121
1241,14,-134,6,3,-27,5,6,-123
1242,14,-139,6,4,-31,7,5,-125
1243,16,-141,7,5,-28,8,5,-128
1244,16,-137,10,8,-6,11,4,-126
1245,16,-138,10,6,-15,9,7,-131
1246,16,-140,9,4,-23,8,6,-136
1247,17,-140,8,4,0,8,4,-141
1248,18,-139,10,8,1,10,3,-142
1249,17,-137,8,9,-11,10,6,-143
1250,17,-133,8,5,-19,8,8,-145
1251,17,-132,6,4,-24,6,7,-142
1252,18,-133,6,5,3,5,6,-144
1253,18,-133,8,7,-2,6,5,-145
1254,17,-111,10,7,-8,8,8,-139
1255,17,-102,10,6,-10,6,8,-136
1256,18,-108,8,5,3,5,8,-137
1257,19,-115,9,5,4,5,7,-139
1258,19,-111,9,3,3,12,9,-133
1259,19,-116,9,6,5,5,13,-133
1260,18,-117,9,6,4,6,13,-129
1261,18,-113,8,8,3,4,16,-123
1262,19,-115,7,6,4,2,16,-113
1263,19,-118,9,7,5,3,16,-112
1264,18,-118,9,7,3,7,16,-115
1265,18,-118,8,7,-2,3,15,-117
1266,18,-120,8,5,-6,2,14,-123
1267,18,-123,8,6,-12,2,13,-129
1268,18,-126,8,8,-17,2,12,-135
1269,18,-130,9,7,-21,2,10,-139
1270,18,-132,9,6,-25,2,9,-143
1271,18,-134,9,6,-28,3,8,-149
1272,22,-136,9,6,6,2,6,-154
1273,21,-140,11,5,6,10,5,-111
1274,20,-111,10,8,6,7,1,-70
1275,20,-110,9,8,6,4,20,-60
1276,20,-114,8,0,6,4,18,-61
1277,20,-108,8,8,6,3,18,-66
1278,20,-109,8,7,6,3,17,-75
1279,20,-112,9,1,7,5,16,-75
1280,20,-119,8,8,7,4,16,-89
1281,20,-122,8,7,7,8,15,-99
1282,20,-124,8,8,7,8,14,-101
1283,21,-122,8,0,7,6,15,-105
1284,20,-79,10,1,7,6,15,-109
1285,23,-123,8,0,8,5,14,-114
1286,27,-73,10,4,8,10,16,-119
1287,24,-108,10,3,8,9,17,-115
1288,22,9,11,8,8,10,2,23
1289,22,7,8,2,8,3,19,23
1290,22,23,8,3,8,4,18,13
1291,22,11,8,2,9,4,18,1
1292,22,-14,8,1,9,3,16,-13
1293,22,-34,8,1,9,3,15,-19
1294,21,-44,9,2,9,4,16,-22
1295,21,-65,8,2,8,3,15,-30
1296,21,-76,8,2,9,3,13,-38
1297,22,-84,8,2,9,3,12,-50
1298,21,-78,9,4,9,5,17,-17
1299,22,-9999,8,3,9,3,16,-29
1300,21,-9999,8,3,9,4,16,-31
1301,20,-9999,8,2,9,4,15,-35
1302,20,-99,7,7,9,2,13,-9999
1303,21,-102,8,8,9,5,12,-9999
1304,21,-105,9,0,9,4,10,-9999
1305,20,-103,10,2,9,5,11,-9999
1306,20,-106,9,2,9,5,10,-72
1307,19,-109,9,2,9,4,10,-82
1308,19,-117,9,2,9,3,7,-88
1309,18,-120,8,2,9,3,6,-86
1310,17,-124,8,1,9,2,5,-93
1311,17,-126,9,4,9,4,6,-102
1312,18,-127,8,1,9,2,4,-106
1313,18,-128,8,2,9,3,7,-114
1314,17,-131,8,2,9,3,6,-113
1315,17,-133,9,2,9,2,6,-115
1316,19,-118,9,2,9,4,7,-119
1317,18,-115,9,1,9,9,7,-118
1318,18,-112,8,8,9,3,5,-115
1319,18,-117,8,1,9,4,4,-121
1320,18,-124,8,0,9,3,3,-125
1321,17,-127,9,1,6,3,3,-127
1322,16,-128,7,6,5,2,1,-128
1323,17,-128,8,8,3,3,0,-134
1324,17,-131,8,0,4,4,0,-138
1325,17,-132,9,1,2,4,-1,-141
1326,17,-134,9,2,3,4,-3,-144
1327,16,-135,9,2,1,4,-4,-147
1328,16,-137,9,1,0,2,-5,-149
1329,16,-138,9,1,6,2,-8,-154
1330,17,-138,9,1,6,2,-9,-158
1331,17,-137,10,1,-2,3,-8,-160
1332,17,-138,8,7,-5,0,-13,-164
1333,17,-139,8,8,-7,3,-15,-167
1334,16,-140,9,0,9,4,-16,-167
1335,18,-141,10,2,9,2,-19,-167
1336,18,-132,10,1,9,3,-1,-158
1337,18,-130,9,1,6,3,-1,-165
1338,18,-133,8,0,5,2,-2,-159
1339,18,-136,8,0,4,2,-2,-156
1340,18,-138,8,1,5,2,-5,-159
1341,19,-137,9,3,0,3,-3,-159
1342,16,-135,8,1,-1,2,-6,-158
1343,18,-137,8,8,-1,2,-8,-163
1344,18,-140,8,2,-6,4,-8,-165
1345,16,-140,8,0,-8,2,-12,-168
1346,18,-140,9,1,-7,3,-12,-168
1347,17,-142,10,2,-7,4,-14,-169
1348,17,-142,9,1,-6,3,-14,-169
1349,16,-142,10,3,-9,4,-15,-169
1350,16,-143,10,1,1,4,-19,-169
1351,18,-142,10,0,7,4,-21,-169
1352,16,-127,10,3,5,7,-8,-168
1353,14,-123,8,8,-1,2,-13,-169
1354,15,-129,8,8,5,2,-16,-172
1355,18,-132,11,3,-2,6,-16,-173
1356,14,-135,9,2,-3,4,-18,-174
1357,17,-138,8,0,-2,4,-21,-174
1358,17,-138,11,4,0,5,-21,-174
1359,16,-139,11,4,9,4,-23,-174
1360,19,-139,11,2,8,6,-20,-174
1361,17,-113,10,1,7,4,-5,-168
1362,17,-112,9,8,4,2,-6,-169
1363,16,-117,8,7,1,1,-8,-169
1364,19,-122,9,8,0,4,-8,-170
1365,19,-126,9,1,-3,4,-9,-170
1366,18,-130,9,1,-3,3,-11,-170
1367,18,-132,9,2,-3,4,-13,-170
1368,18,-134,10,3,1,4,-14,-170
1369,19,-135,11,2,0,6,-15,-170
1370,19,-136,10,0,-1,5,-15,-170
1371,18,-138,10,8,-1,5,-18,-170
1372,18,-138,10,7,6,5,-19,-170
1373,19,-133,11,8,5,6,-12,-170
1374,19,-132,11,8,6,5,-14,-170
1375,19,-129,11,1,6,5,-11,-170
1376,17,-128,11,2,6,6,-4,-169
1377,18,-114,9,8,3,2,-5,-169
1378,18,-114,9,8,1,2,-5,-169
1379,17,-9999,9,8,1,3,-5,-165
1380,19,-9999,9,8,0,4,-6,-163
1381,19,-9999,10,2,5,5,-8,-163
1382,19,-9999,11,3,2,6,-9,-163
1383,18,-9999,11,2,1,5,-8,-164
1384,19,-9999,8,8,6,3,-12,-164
1385,20,-9999,11,3,5,7,-11,-163
1386,18,-9999,10,0,5,3,1,-162
1387,17,-9999,10,8,1,3,1,-162
1388,17,-9999,9,8,5,4,1,-162
1389,17,-9999,9,7,0,2,1,-160
1390,18,-9999,9,8,5,4,1,-159
1391,16,-9999,10,1,5,6,2,-157
1392,17,-9999,8,8,0,2,0,-156
1393,16,-9999,8,8,-1,2,0,-154
1394,16,-9999,8,8,-1,2,0,-153
1395,16,-9999,8,7,-1,3,-1,-152
1396,16,-9999,9,8,-3,4,-1,-150
1397,17,-9999,8,8,-2,4,-2,-150
1398,17,-9999,9,8,-3,5,-2,-149
1399,18,-9999,9,0,0,5,-2,-148
1400,18,-9999,10,1,5,7,-2,-147
1401,18,-9999,11,4,5,7,2,-144
1402,18,-9999,9,1,5,4,2,-141
1403,15,-9999,9,0,4,4,2,-139
1404,15,-9999,8,6,4,2,1,-136
1405,18,-9999,8,8,4,4,0,-130
1406,18,-9999,9,1,5,6,1,-125
1407,16,-9999,11,3,4,7,2,-119
1408,15,-9999,8,0,4,3,2,-116
1409,15,-9999,8,8,4,2,1,-108
1410,15,-9999,9,0,4,4,1,-94
1411,15,-9999,8,8,4,3,1,-91
1412,15,-9999,8,8,4,3,2,-91
1413,15,-9999,8,8,4,2,1,-83
1414,15,-9999,8,7,4,2,1,-83
1415,16,-9999,8,8,4,3,2,-82
1416,17,-9999,9,8,4,4,2,-82
1417,18,-9999,10,1,4,6,2,-86
1418,17,-9999,10,3,4,6,5,-84
1419,14,-9999,8,7,4,3,4,-88
1420,14,-9999,7,6,4,2,4,-91
1421,15,-9999,7,6,4,3,4,-85
1422,18,-9999,9,0,4,5,4,-90
1423,14,-90,9,8,3,3,5,-92
1424,13,-92,7,6,3,2,4,-94
1425,13,-97,6,6,3,2,3,-101
1426,14,-102,8,7,3,3,3,-98
1427,14,-103,8,7,3,4,4,-95
1428,14,-108,7,6,3,3,4,-96
1429,14,-116,7,6,3,4,4,-107
1430,14,-117,7,6,3,3,3,-108
1431,15,-118,7,7,3,4,3,-106
1432,17,-120,8,8,3,5,4,-102
1433,17,-119,8,8,3,5,4,-100
1434,17,-118,8,0,4,6,5,-102
1435,16,-115,10,1,4,7,5,-99
1436,14,-116,8,0,3,4,5,-103
1437,13,-120,7,8,3,4,5,-100
1438,13,-117,7,7,3,4,4,-108
1439,14,-117,7,7,3,4,4,-109
1440,13,-119,7,8,2,4,4,-100
1441,13,-122,7,6,2,4,4,-105
1442,13,-124,7,6,-2,4,4,-110
1443,13,-126,6,5,-2,4,4,-111
1444,13,-128,7,7,3,5,3,-110
1445,14,-127,8,0,3,6,4,-109
1446,13,-128,6,6,3,5,4,-109
1447,14,-128,6,7,3,5,4,-113
1448,14,-127,7,8,3,6,4,-112
1449,13,-126,6,7,3,5,4,-113
1450,16,-127,8,0,4,7,4,-113
1451,18,-124,10,2,4,8,10,-111
1452,22,-54,10,8,3,8,2,-55
1453,16,22,8,1,3,5,18,15
1454,14,11,6,8,2,4,16,18
1455,14,-5,5,6,3,2,15,9
1456,14,-16,6,6,3,3,15,11
1457,15,-27,6,6,3,3,14,1
1458,15,-39,6,7,3,4,15,8
1459,15,-51,7,8,3,5,15,19
1460,14,-61,8,0,2,4,15,1
1461,14,-72,6,6,1,3,14,-8
1462,14,-79,6,5,1,3,14,-12
1463,14,-89,6,6,0,4,14,-12
1464,14,-93,6,7,0,4,14,-16
1465,14,-96,3,5,1,3,13,-20
1466,15,-100,6,7,2,4,14,-16
1467,14,-100,7,0,0,5,16,1
1468,13,-99,2,3,0,3,14,-21
1469,13,-102,2,2,0,3,12,-26
1470,13,-103,2,3,1,5,12,-26
1471,15,-9999,3,5,2,5,13,-24
1472,18,-102,8,6,2,7,17,-17
1473,18,-82,8,1,2,6,18,11
1474,17,-75,6,7,2,5,17,3
1475,16,-74,8,8,2,6,18,5
1476,15,-74,6,7,1,5,16,-1
1477,14,-73,5,-9999,2,4,15,-8
1478,14,-74,5,-9999,-2,4,14,-10
1479,12,-81,5,-9999,-2,2,14,-16
1480,13,-86,4,-9999,0,3,12,-21
1481,14,-92,5,-9999,-2,4,13,-23
1482,12,-96,4,-9999,-3,2,12,-28
1483,11,-100,3,-9999,-3,1,11,-32
1484,11,-104,2,-9999,-8,1,10,-36
1485,10,-104,1,-9999,-7,1,10,-41
1486,12,-105,1,-9999,-3,1,10,-42
1487,12,-108,2,-9999,-4,3,11,-46
1488,12,-110,2,-9999,-4,7,12,-48
1489,11,-108,6,-9999,-3,6,11,-55
1490,10,-115,5,-9999,-4,4,10,-56
1491,11,-118,5,-9999,-3,3,10,-58
1492,14,-119,6,-9999,-3,5,11,-59
1493,15,-116,8,-9999,-3,5,10,-62
1494,16,-121,6,-9999,-3,6,11,-60
1495,15,-122,5,-9999,-4,6,14,-58
1496,14,-122,2,-9999,-3,4,12,-59
1497,16,-121,2,-9999,-4,4,12,-58
1498,14,-120,2,-9999,-3,4,13,-63
1499,13,-120,2,-9999,-3,4,12,-65
1500,13,-123,1,-9999,-3,2,11,-67
1501,14,-123,1,-9999,-3,4,11,-68
1502,14,-122,2,-9999,-3,5,12,-70
1503,14,-122,1,-9999,-3,5,12,-73
1504,13,-125,1,-9999,-2,4,11,-75
1505,13,-126,1,-9999,-2,4,11,-75
1506,16,-124,2,-9999,-2,5,13,-74
1507,15,-122,2,-9999,-3,4,13,-80
1508,14,-123,1,-9999,-2,3,12,-84
1509,14,-125,2,-9999,-1,5,12,-89
1510,17,-126,2,-9999,-1,5,14,-80
1511,17,-125,3,-9999,-3,5,14,-86
1512,18,-126,3,-9999,3,5,16,-93
1513,20,-124,4,-9999,0,5,17,-85
1514,23,-103,6,-9999,0,5,7,-53
1515,23,-99,6,-9999,-2,5,5,-40
1516,21,-92,5,-9999,-3,5,1,-24
1517,19,-90,4,-9999,-4,2,20,-21
1518,18,-89,3,-9999,-4,3,19,-25
1519,17,-89,2,-9999,-4,2,18,-28
1520,16,-96,1,-9999,-4,1,16,-35
1521,19,-100,1,-9999,-4,3,16,-39
1522,14,-101,3,-9999,-4,4,18,-44
1523,13,-101,2,-9999,-4,2,15,-50
1524,13,-104,0,-9999,-4,1,14,-54
1525,14,-106,1,-9999,-4,2,15,-57
1526,14,-108,1,-9999,-2,2,14,-62
1527,14,-108,4,-9999,5,4,15,-63
1528,16,-113,4,-9999,4,4,20,-64
1529,15,-114,4,-9999,4,3,19,-67
1530,15,-114,4,-9999,3,4,20,-64
1531,18,-111,4,-9999,4,7,1,-28
1532,21,-104,6,-9999,2,7,1,-4
1533,18,-85,5,-9999,2,2,0,1
1534,16,-82,4,-9999,2,1,19,1
1535,17,-73,7,-9999,0,7,1,14
1536,14,-67,5,-9999,1,4,18,2
1537,14,-66,4,-9999,1,1,16,-7
1538,14,-70,4,-9999,1,2,16,-9
1539,15,-73,5,-9999,2,3,16,-9
1540,15,-74,6,-9999,3,5,17,0
1541,14,-76,4,-9999,2,3,17,-10
1542,14,-80,5,-9999,2,4,16,-9
1543,13,-84,4,-9999,2,4,16,-17
1544,13,-87,4,-9999,1,1,15,-21
1545,13,-90,4,-9999,0,1,14,-22
1546,13,-94,4,-9999,1,1,15,-27
1547,13,-96,3,-9999,3,1,14,-30
1548,15,-98,4,-9999,1,6,17,-18
1549,14,-98,6,-9999,2,4,17,-21
1550,14,-96,4,-9999,2,4,18,-20
1551,15,-82,6,-9999,3,3,19,-6
1552,16,-79,6,-9999,2,4,18,-8
1553,15,-76,6,-9999,2,3,17,-15
1554,16,-76,5,-9999,4,4,17,-17
1555,21,-50,8,-9999,2,6,2,16
1556,18,-41,6,-9999,1,4,20,15
1557,17,-43,5,-9999,-9999,3,18,6
1558,16,-47,5,-9999,-9999,3,17,5
1559,21,-42,8,-9999,-9999,8,2,-9999
1560,18,-19,-9999,-9999,-4,4,20,-9999
1561,20,-28,-9999,-9999,-4,3,12,-9999
1562,18,-38,-9999,-9999,-8,-9999,15,-9999
1563,17,-30,-9999,-9999,-4,-9999,14,-9999
1564,18,-39,-9999,-9999,-8,-9999,13,-9999
1565,17,-49,-9999,-9999,-9,-9999,14,-9999
1566,18,-49,-9999,-9999,-3,-9999,15,-9999
1567,16,-58,-9999,-9999,-5,-9999,15,-9999
1568,17,-62,-9999,-9999,-10,-9999,-1,-9999
1569,17,-64,-9999,-9999,-10,-9999,15,-9999
1570,17,-71,-9999,-9999,-10,-9999,14,-9999
1571,17,-74,-9999,-9999,-11,-9999,14,-9999
1572,17,-74,-9999,-9999,-11,-9999,14,-9999
1573,18,-74,-9999,-9999,-11,-9999,14,-9999
1574,17,-80,-9999,-9999,-11,-9999,14,-9999
1575,16,-76,-9999,-9999,-12,-9999,14,-9999
1576,17,-84,-9999,-9999,-11,-9999,15,-9999
1577,17,-78,-9999,-9999,-5,-9999,14,-9999
1578,17,-78,-9999,-9999,-11,-9999,14,-9999
1579,17,-90,-9999,-9999,-10,-9999,14,-9999
1580,18,-85,-9999,-9999,-4,-9999,19,-9999
1581,20,-72,-9999,-9999,-2,-9999,15,-9999
1582,24,-42,-9999,-9999,-2,-9999,16,-9999
1583,21,-48,-9999,-9999,-5,-9999,14,-9999
1584,19,-51,-9999,-9999,-5,-9999,14,-9999
1585,19,-54,-9999,-9999,-4,-9999,14,-9999
1586,-9999,-61,-9999,-9999,-5,-9999,13,-9999
1587,-9999,-68,-9999,-9999,-5,-9999,14,-9999
1588,20,-9999,-9999,-9999,-9999,-9999,13,-9999
1589,20,-9999,-9999,-9999,-9999,-9999,14,-9999
1590,20,-9999,-9999,-9999,-9999,-9999,14,-9999
1591,21,-9999,-9999,-9999,-9999,-9999,15,-9999
1592,19,-9999,-9999,-9999,-9999,-9999,14,-9999
1593,20,-9999,-9999,-9999,-9999,-9999,14,-9999
1594,28,-9999,-9999,-9999,-9999,-9999,2,-9999
1595,24,-9999,-9999,-9999,-9999,-9999,0,-9999
1596,26,-9999,-9999,-9999,-9999,-9999,4,-9999
1597,24,-9999,-9999,-9999,-9999,-9999,2,-9999
1598,23,-9999,-9999,-9999,-9999,-9999,1,-9999
1599,23,-9999,-9999,-9999,-9999,-9999,0,-9999
1600,23,-9999,-9999,-9999,-9999,-9999,16,-9999
1601,23,-9999,-9999,-9999,-9999,-9999,0,-9999
1602,24,-9999,-9999,-9999,-9999,-9999,16,-9999
1637,25,-91,7,13,-9999,-9999,-9999,-9999
1638,25,-69,6,13,0,6,15,-53
1639,24,-86,5,12,-7,4,14,-55
1640,24,-96,5,10,-10,6,14,-64
1641,24,-99,5,8,-11,5,12,-74
1642,24,-92,7,11,-6,8,12,-78
1643,24,-99,5,9,-11,7,11,-86
1644,24,-106,5,11,-12,6,9,-96
1645,24,-55,7,11,-2,8,10,-104
1646,24,-100,5,10,-10,4,10,-104
1647,23,-110,5,10,-13,4,9,-114
1648,25,-115,5,14,-13,5,8,-118
1649,25,-119,6,11,-12,6,8,-122
1650,23,-123,6,9,-12,5,5,-126
1651,23,-125,6,10,-8,6,5,-120
1652,23,-125,5,10,-10,7,4,-113
1653,23,-128,5,10,-13,5,3,-119
1654,22,-131,5,10,-14,5,2,-126
1655,22,-130,5,10,-14,6,1,-131
1656,23,-128,6,14,-11,8,0,-130
1657,23,-128,7,13,-4,8,1,-132
1658,22,-118,5,10,-15,4,-2,-137
1659,21,-124,5,10,-16,5,-3,-138
1660,22,-128,5,10,-16,4,-4,-143
1661,23,-131,6,16,-16,6,-6,-148
1662,23,-126,7,15,-8,6,-3,-142
1663,23,-130,6,14,-13,5,-5,-147
1664,22,-133,5,13,-15,5,-6,-152
1665,22,-134,5,12,-15,5,-9,-154
1666,21,-135,5,10,-17,4,-9,-153
1667,21,-136,5,10,-20,5,-11,-157
1668,22,-138,7,17,-17,6,-12,-163
1669,24,-91,8,18,-2,9,-3,-163
1670,23,-106,8,14,-2,8,0,-158
1671,22,-112,7,11,-2,4,0,-158
1672,22,-116,7,13,-4,4,-1,-156
1673,23,-108,8,17,-1,5,0,-147
1674,23,-104,6,16,-11,4,-2,-132
1675,23,-104,6,14,-12,4,-2,-119
1676,22,-106,7,15,-13,5,-4,-110
1677,22,-108,6,12,-12,4,-4,-112
1678,22,-112,6,14,-14,5,-4,-119
1679,22,-113,7,15,-14,6,-5,-116
1680,21,-117,6,12,-15,3,-6,-124
1681,21,-120,6,10,-14,6,-9,-127
1682,21,-124,6,10,-17,4,-11,-133
1683,22,-128,6,12,-16,5,-13,-139
1684,22,-130,6,11,-18,4,-16,-143
1685,23,-119,8,15,-2,10,-5,-138
1686,23,-66,7,14,-2,6,-5,-140
1687,21,-95,6,10,-3,2,-6,-139
1688,21,-105,6,9,-12,2,-8,-134
1689,21,-112,6,9,-14,3,-8,-137
1690,22,-118,7,12,-12,4,-10,-144
1691,23,-120,7,11,-10,3,-8,-143
1692,22,-124,6,11,-14,3,-9,-146
1693,23,-121,8,15,-2,9,-5,-149
1694,23,-86,7,14,-2,5,-1,-131
1695,23,-86,7,11,-4,3,-2,-117
1696,23,-90,7,11,-4,3,-2,-112
1697,22,-95,6,10,-6,2,-3,-114
1698,23,-99,6,10,-10,2,-4,-118
1699,22,-105,6,11,-13,3,-5,-122
1700,23,-109,6,13,-5,4,-5,-112
1701,22,-115,6,9,-11,2,-8,-105
1702,21,-116,5,7,-18,2,-10,-107
1703,22,-123,7,12,-18,4,-10,-118
1704,23,-127,6,12,-19,3,-12,-127
1705,23,-126,7,14,-5,5,-8,-125
1706,23,-130,6,11,-5,3,-9,-130
1707,22,-131,6,10,-5,3,-9,-132
1708,22,-132,6,12,-7,3,-11,-137
1709,22,-134,6,12,-12,3,-13,-144
1710,22,-136,6,11,-14,4,-16,-148
1711,21,-129,7,10,-5,2,-4,-94
1712,20,-129,7,9,-16,2,-5,-91
1713,22,-132,8,16,-16,5,-6,-97
1714,22,-132,8,14,-18,4,-6,-98
1715,22,-126,8,18,-1,10,2,-75
1716,20,-116,7,10,-4,6,0,-72
1717,20,-117,7,10,-3,5,0,-71
1718,19,-123,6,9,-4,3,-1,-77
1719,19,-126,6,9,-4,4,-2,-82
1720,21,-126,9,12,-2,9,0,-83
1721,20,-128,7,9,-3,4,-1,-88
1722,20,-130,7,10,-3,5,-1,-94
1723,20,-132,7,10,-3,6,-3,-102
1724,20,-134,7,12,-3,6,-4,-105
1725,22,-136,8,15,-2,5,-5,-109
1726,21,-137,7,10,-2,4,-4,-117
1727,19,-138,5,8,-4,3,-7,-121
1728,20,-138,6,9,-4,5,-7,-125
1729,21,-138,7,13,-4,6,-8,-128
1730,22,-139,6,12,-8,6,-6,-129
1731,22,-138,6,10,-10,6,-10,-132
1732,22,-139,6,9,-12,6,-12,-134
1733,22,-138,6,10,-10,6,-12,-134
1734,21,-139,7,8,-14,6,-14,-138
1735,20,-135,7,9,-2,6,-10,-138
1736,21,-138,6,12,-2,5,-10,-138
1737,22,-141,7,11,-1,6,-12,-140
1738,21,-139,6,12,1,9,-5,-138
1739,18,-137,5,8,-2,3,-10,-139
1740,19,-140,6,8,-2,3,-11,-140
1741,20,-142,7,13,0,9,-9,-140
1742,20,-141,7,12,0,9,-9,-139
1743,19,-142,6,10,-1,5,-12,-143
1744,19,-143,6,10,-2,5,-13,-143
1745,19,-142,6,11,0,8,-14,-142
1746,18,-142,5,10,-2,5,-15,-143
1747,22,-142,8,15,0,9,-16,-142
1748,21,-143,8,11,1,7,-16,-142
1749,22,-143,8,13,1,8,-10,-141
1750,22,-120,8,16,2,8,-5,-139
1751,22,-126,7,15,2,6,-7,-131
1752,22,-126,6,15,2,6,-7,-122
1753,19,-126,5,9,-1,6,-5,-119
1754,18,-125,5,9,-1,3,-6,-102
1755,20,-126,7,14,2,9,-1,-94
1756,20,-122,6,12,0,7,2,-59
1757,19,-120,6,12,1,5,1,-46
1758,19,-120,5,11,-2,4,1,-45
1759,19,-121,6,14,0,6,1,-47
1760,19,-122,5,15,0,6,1,-49
1761,18,-123,5,10,-2,5,1,-55
1762,21,-124,8,12,0,8,0,-58
1763,19,-126,6,10,-1,6,1,-62
1764,19,-128,6,11,-1,5,0,-65
1765,19,-129,6,10,0,5,0,-68
1766,19,-130,6,11,0,6,0,-71
1767,18,-123,5,10,-2,5,-1,-75
1768,18,-104,5,10,-3,5,-1,-74
1769,19,-133,6,11,0,7,-2,-76
1770,21,-134,6,13,1,10,0,-77
1771,18,-128,7,9,-2,6,1,-79
1772,20,-129,6,11,0,9,2,-79
1773,18,-96,6,10,-3,5,1,-58
1774,19,-100,6,11,-1,6,1,-58
1775,19,-98,6,13,0,7,1,-61
1776,19,-98,6,13,-2,7,2,-64
1777,20,-125,6,15,1,9,3,-67
1778,18,-98,5,10,-2,6,1,-72
1779,18,-101,5,9,-3,5,0,-73
1780,18,-107,5,9,-3,5,0,-78
1781,17,-107,5,9,-3,5,0,-78
1782,18,-109,5,10,-2,6,0,-77
1783,17,-108,4,9,-4,5,0,-81
1784,16,-120,4,9,-7,4,-2,-84
1785,17,-120,4,10,-8,5,-2,-81
1786,17,-121,4,9,-8,5,-3,-86
1787,16,-121,5,9,-8,4,-3,-88
1788,19,-121,6,15,-2,8,1,-84
1789,22,-119,7,14,-1,9,5,-61
1790,19,-120,5,13,-1,6,6,-52
1791,18,-118,5,10,-3,5,5,-50
1792,17,-110,5,10,-3,5,5,-49
1793,17,-106,4,9,-3,5,5,-52
1794,17,-104,5,9,-4,5,5,-53
1795,20,-107,7,15,-2,9,5,-51
1796,21,-112,5,10,-1,8,7,-50
1797,17,-115,4,9,-4,4,5,-50
1798,17,-106,4,9,-2,5,5,-48
1799,17,-110,4,9,-6,5,5,-53
1800,16,-108,4,9,-5,5,5,-56
1801,18,-110,6,14,0,8,6,-57
1802,18,-102,5,12,-2,6,9,-34
1803,17,-101,5,11,-4,5,10,-33
1804,18,-101,6,15,-2,8,10,-32
1805,19,-101,6,13,0,7,11,-32
1806,17,-101,5,11,-3,5,10,-35
1807,17,-100,5,11,-4,6,10,-39
1808,17,-101,5,11,-2,6,10,-43
1809,19,-102,7,13,-2,9,11,-45
1810,20,-106,8,15,-2,9,12,-43
1811,20,-111,7,13,-3,8,12,-50
1812,20,-110,5,15,-1,9,12,-47
1813,17,-104,4,10,-3,5,11,-49
1814,16,-104,4,10,-3,5,11,-50
1815,16,-105,4,10,-3,5,10,-54
1816,16,-105,4,10,-3,5,10,-55
1817,16,-106,4,10,-6,5,10,-58
1818,17,-105,5,13,-2,6,11,-58
1819,20,-112,7,13,-2,9,12,-59
1820,20,-116,5,14,-1,7,12,-59
1821,17,-116,4,11,-2,6,11,-58
1822,17,-110,5,12,-3,6,11,-59
1823,19,-108,5,11,-2,8,12,-60
1824,17,-112,4,10,-2,5,11,-58
1825,16,-108,4,9,-7,4,11,-59
1826,16,-105,3,8,-11,4,10,-63
1827,15,-106,4,6,-16,4,10,-64
1828,16,-108,4,10,-16,5,9,-66
1829,16,-111,5,9,-14,5,9,-71
1830,19,-104,6,14,-2,8,16,-36
1831,18,-91,4,11,-3,5,15,-22
1832,15,-90,4,5,-16,2,12,-24
1833,15,-91,3,4,-20,2,12,-27
1834,14,-96,2,4,-20,2,11,-33
1835,14,-98,3,4,-21,2,10,-34
1836,14,-100,2,3,-17,2,10,-42
1837,13,-102,3,3,-16,2,10,-46
1838,16,-103,4,8,-13,3,12,-49
1839,16,-103,1,10,-11,3,12,-54
1840,14,-102,0,5,-16,2,10,-56
1841,13,-104,0,4,-16,2,10,-58
1842,14,-106,1,8,-12,3,11,-59
1843,15,-110,0,7,-12,2,11,-65
1844,16,-109,5,11,-11,6,12,-64
1845,18,-116,4,14,-4,6,14,-61
1846,18,-9999,4,13,-2,6,14,-58
1847,17,-9999,4,11,-5,5,14,-59
1848,15,-9999,-9999,10,-6,5,14,-62
1849,13,-9999,-9999,7,-7,4,14,-66
1850,13,-9999,-9999,7,-9,4,14,-64
1851,14,-9999,-9999,9,-10,6,14,-66
1852,12,-9999,-9999,6,-12,4,13,-69
1853,12,-9999,-9999,4,-10,3,12,-71
1854,11,-9999,-9999,4,-14,2,12,-74
1855,11,-9999,-9999,3,-15,3,11,-74
1856,14,-9999,-9999,10,-3,6,14,-75
1857,11,-9999,-9999,4,-14,2,11,-78
1858,11,-9999,-9999,7,-14,3,12,-76
1859,14,-9999,-9999,9,-12,6,14,-70
1860,11,-9999,-9999,3,-12,2,11,-80
1861,11,-9999,-9999,4,-12,2,11,-78
1862,13,-9999,-9999,8,-12,4,13,-80
1863,10,-9999,-9999,4,-15,1,11,-82
1864,10,-9999,-9999,4,-15,2,11,-80
1865,14,-9999,-9999,8,-10,6,14,-78
1866,15,-9999,-9999,10,-2,7,15,-78
1867,11,-9999,-9999,8,-5,2,14,-74
1868,11,-9999,-9999,5,-10,2,13,-69
1869,14,-9999,-9999,8,-12,6,15,-67
1870,10,-9999,-9999,4,-17,1,11,-74
1871,9,-9999,-9999,3,-17,1,11,-71
1872,10,-9999,-9999,4,-16,1,11,-76
1873,9,-9999,-9999,3,-17,1,10,-78
1874,8,-9999,-9999,2,-18,1,10,-74
1875,9,-9999,-9999,3,-18,1,10,-76
1876,9,-9999,-9999,2,-18,1,10,-77
1877,8,-9999,-9999,2,-18,0,9,-79
1878,8,-9999,-9999,1,-17,0,9,-79
1879,9,-9999,-9999,4,-15,1,10,-79
1880,9,-9999,-9999,5,-14,1,11,-82
1881,8,-9999,-9999,4,-17,0,9,-81
1882,8,-9999,-9999,3,-18,1,10,-77
1883,8,-9999,-9999,4,-18,1,9,-81
1884,8,-9999,-9999,5,-16,0,9,-85
1885,8,-9999,-9999,4,-17,0,9,-88
1886,8,-9999,-9999,4,-16,1,9,-85
1887,9,-9999,-9999,6,-11,1,11,-83
1888,9,-9999,-9999,8,-11,1,11,-86
1889,11,-9999,-9999,10,-1,7,13,-81
1890,13,-135,2,7,-2,5,13,-86
1891,9,-136,1,9,-8,2,10,-88
1892,9,-135,1,8,-8,2,9,-86
1893,12,-135,2,8,-7,8,12,-86
1894,15,-133,3,9,-2,7,14,-88
1895,16,-131,3,6,-2,6,16,-69
1896,17,-127,4,13,-1,8,3,-50
1897,18,-107,4,13,-2,-9999,6,-25
1898,17,-94,4,13,-3,-9999,4,-8
1899,20,-71,5,14,-2,-9999,5,11
1900,18,-26,4,15,-3,-9999,1,14
1901,16,-10,3,14,-3,-9999,15,15
1902,16,-2,4,13,-2,-9999,14,13
1903,15,-2,3,10,-14,-9999,13,8
1904,14,-3,3,10,-16,-9999,12,5
1905,14,-11,3,12,-15,-9999,13,7
1906,14,-22,4,12,-15,-9999,13,7
1907,14,-34,3,9,-16,-9999,12,6
1908,13,-49,3,6,-19,-9999,11,-14
1909,13,-62,3,6,-18,-9999,11,-17
1910,13,-72,3,9,-17,-9999,11,-20
1911,15,-78,4,10,-7,-9999,13,3
1912,15,-71,4,12,-4,-9999,14,1
1913,13,-80,3,6,-14,-9999,13,-16
1914,13,-83,3,5,-17,-9999,12,-22
1915,15,-84,4,9,-14,-9999,13,-20
1916,14,-86,4,8,-14,-9999,13,-23
1917,14,-88,4,8,-16,-9999,12,-25
1918,14,-92,4,9,-15,-9999,13,-27
1919,16,-92,6,8,-1,-9999,14,-21
1920,16,-96,5,12,-2,-9999,15,1
1921,14,-94,4,10,-14,-9999,14,-17
1922,15,-94,4,10,-14,-9999,14,-22
1923,16,-94,5,9,-12,-9999,14,-12
1924,17,-86,7,13,-1,-9999,16,0
1925,16,-81,5,11,-8,-9999,15,-2
1926,17,-45,7,12,-2,-9999,1,6
1927,17,-43,6,13,-4,-9999,16,2
1928,16,-51,5,11,-6,-9999,15,-2
1929,17,-57,6,10,-4,-9999,16,-5
1930,17,-51,7,14,-1,-9999,16,-7
1931,16,-60,6,11,-4,-9999,15,-9
1932,16,-69,6,11,-8,-9999,15,-12
1933,18,-75,7,11,-1,-9999,16,-12
1934,17,-80,6,11,-5,-9999,15,-19
1935,16,-84,6,10,-12,-9999,15,-23
1936,19,-84,7,14,-1,-9999,0,-10
1937,17,-85,6,12,-3,-9999,0,-19
1938,17,-88,6,12,-4,-9999,16,-24
1939,16,-87,5,10,-4,-9999,16,-13
1940,16,-90,5,9,-4,-9999,15,-10
1941,16,-92,5,9,-6,-9999,15,-12
1942,16,-93,6,10,-4,-9999,15,-14
1943,16,-95,5,9,-10,-9999,14,-15
1944,16,-94,6,10,-3,-9999,14,-15
1945,16,-97,6,10,-8,-9999,15,-39
1946,16,-101,6,10,-11,-9999,14,-42
1947,17,-109,7,11,-7,-9999,15,-45
1948,16,-115,6,10,-12,-9999,14,-50
1949,16,-121,6,10,-13,-9999,14,-54
1950,16,-124,7,10,-14,-9999,14,-58
1951,16,-125,7,11,-11,-9999,14,-61
1952,16,-126,7,12,-2,-9999,14,-61
1953,16,-128,6,11,-12,-9999,14,-65
1954,16,-130,6,11,-12,-9999,14,-67
1955,16,-132,7,11,-14,-9999,13,-71
1956,16,-133,7,11,-14,-9999,13,-75
1957,18,-133,8,12,-14,-9999,14,-78
1958,17,-133,8,14,-5,-9999,14,-66
1959,17,-133,6,10,-16,-9999,12,-72
1960,16,-132,5,9,-18,-9999,11,-79
1961,18,-137,6,13,-14,-9999,13,-81
1962,19,-137,7,12,-12,-9999,13,-84
1963,18,-137,8,12,-3,-9999,12,-87
1964,18,-138,7,12,-8,-9999,11,-89
1965,17,-137,7,13,-12,-9999,11,-92
1966,16,-137,6,10,-17,-9999,9,-94
1967,16,-139,6,10,-18,-9999,8,-99
1968,16,-140,6,10,-20,-9999,8,-104
1969,16,-141,5,10,-19,-9999,7,-110
1970,18,-143,6,11,-24,-9999,8,-113
1971,19,-144,7,11,-28,-9999,8,-115
1972,19,-144,7,10,-34,-9999,6,-120
1973,21,-142,9,13,-4,-9999,8,-123
1974,19,-133,9,17,-1,-9999,12,-125
1975,17,-121,6,13,-12,-9999,10,-122
1976,18,-122,7,12,-11,-9999,9,-120
1977,20,-107,9,17,2,-9999,2,10
1978,19,-4,8,14,-4,-9999,3,13
1979,18,-55,7,16,-12,-9999,1,8
1980,19,-72,6,18,-14,-9999,16,-2
1981,20,-77,7,18,-15,-9999,15,-18
1982,20,-81,7,18,-16,-9999,15,-23
1983,19,-85,7,17,-19,-9999,13,-29
1984,18,-94,6,16,-22,-9999,12,-33
1985,19,-101,7,17,-33,-9999,12,-41
1986,19,-106,7,18,-27,-9999,11,-44
1987,19,-112,7,18,-32,-9999,10,-51
1988,19,-117,7,18,-32,-9999,9,-55
1989,19,-120,7,17,-33,-9999,8,-61
1990,20,-120,8,18,-15,-9999,10,-34
1991,21,-123,8,18,-16,-9999,10,-13
1992,21,-112,10,18,-1,-9999,10,-21
1993,21,-103,9,18,-1,-9999,14,-4
1994,20,-78,8,18,-17,-9999,14,-6
1995,20,-74,8,18,-16,-9999,14,-11
1996,21,4,10,19,-4,-9999,14,-21
1997,20,5,8,19,-17,-9999,14,-23
1998,21,-26,8,18,-16,-9999,13,-25
1999,21,-47,9,18,-15,-9999,13,-23
2000,19,-62,8,18,-15,-9999,12,-8
2001,18,-70,7,18,-18,-9999,11,-2
2002,19,-78,7,17,-19,-9999,10,-18
2003,20,-83,8,19,-23,-9999,10,-18
2004,20,-89,7,18,-27,-9999,9,-27
2005,22,0,10,19,-4,-9999,2,24
2006,20,8,9,17,-7,-9999,0,17
2007,22,5,9,18,-3,-9999,1,2
2008,22,0,9,18,-2,-9999,1,17
2009,21,-13,8,19,-10,-9999,1,12
2010,19,-25,7,18,-16,-9999,15,-5
2011,20,-39,7,19,-16,-9999,15,-16
2012,19,-55,7,18,-17,-9999,14,-26
2013,20,-67,8,19,-18,-9999,13,-32
2014,20,-76,7,18,-27,-9999,12,-42
2015,20,-66,9,19,-8,-9999,15,-36
2016,20,-82,8,19,-17,-9999,14,-34
2017,21,-84,9,19,-4,-9999,0,-13
2018,19,-91,7,19,-15,-9999,15,-24
2019,20,-97,8,19,-16,-9999,14,-31
2020,21,-99,8,19,-14,-9999,14,-33
2021,20,-104,8,18,-15,-9999,15,-22
2022,22,-75,9,18,1,-9999,3,3
2023,19,-88,8,17,-4,-9999,0,-9
2024,21,-96,8,19,-3,-9999,16,-18
2025,21,-99,9,18,3,-9999,1,-26
2026,20,-103,8,18,-2,-9999,16,-36
2027,21,-105,8,18,-7,-9999,15,-42
2028,20,-108,8,19,-11,-9999,14,-49
2029,19,-111,7,18,-16,-9999,12,-51
2030,20,-116,8,18,-14,-9999,12,-58
2031,19,-119,7,18,-15,-9999,10,-67
2032,20,-124,8,19,-15,-9999,9,-75
2033,21,-128,8,19,-16,-9999,8,-83
2034,21,-129,8,19,-16,-9999,6,-89
2035,21,-132,8,19,-22,-9999,4,-97
2036,21,-133,8,19,-27,-9999,4,-104
2037,21,-134,8,19,-30,-9999,3,-110
2038,19,-137,7,19,-30,-9999,1,-118
2039,20,-138,8,19,-38,-9999,0,-125
2040,19,-140,8,19,-39,-9999,-3,-130
2041,20,-142,7,19,-46,-9999,-5,-134
2042,20,-143,8,19,-47,-9999,-7,-140
2043,19,-144,8,19,-50,-9999,-10,-145
2044,19,-145,8,16,-52,-9999,-12,-148
2045,18,-146,8,15,-54,-9999,-13,-150
2046,19,-148,9,18,-57,-9999,-16,-155
2047,19,-148,8,18,-58,-9999,-18,-158
2048,19,-148,8,19,-58,-9999,-20,-162
2049,21,-146,9,19,3,-9999,-2,-146
2050,19,-144,8,18,-10,-9999,-7,-130
2051,18,-144,7,17,-15,-9999,-8,-130
2052,20,-145,8,19,-14,-9999,-10,-141
2053,20,-147,8,18,-16,-9999,-12,-146
2054,19,-147,8,18,-16,-9999,-14,-150
2055,19,-148,8,19,-25,-9999,-17,-153
2056,18,-145,8,18,-33,-9999,-19,-156
2057,18,-147,8,18,-37,-9999,-21,-157
2058,19,-147,8,18,-43,-9999,-21,-162
2059,17,-148,7,18,-42,-9999,-27,-166
2060,16,-149,7,14,-54,-9999,-32,-168
2061,16,-151,7,15,-58,-9999,-35,-172
2062,17,-152,8,19,-66,-9999,-38,-175
2063,16,-152,8,14,-64,7,-43,-174
2064,15,-153,8,13,-70,8,-46,-173
2065,15,-153,9,14,-68,8,-47,-174
2066,15,-154,8,14,-65,9,-49,-176
2067,15,-155,8,18,-70,10,-52,-177
2068,14,-155,9,19,-74,10,-54,-176
2069,16,-152,8,19,-39,8,-44,-176
2070,15,-155,8,19,-49,7,-49,-177
2071,14,-155,8,19,-2,10,-44,-178
2072,14,-156,8,19,-14,6,-45,-178
2073,16,-149,8,19,-20,5,-49,-177
2074,18,-146,8,19,-8,6,-44,-177
2075,17,-150,8,20,-14,5,-49,-178
2076,17,-153,8,19,-18,5,-53,-178
2077,16,-155,8,19,-21,4,-56,-178
2078,15,-156,8,19,-31,4,-59,-178
2079,14,-156,8,19,-32,5,-63,-178
2080,12,-156,8,16,-41,6,-67,-178
2081,14,-153,10,18,-2,10,-65,-175
2082,18,-132,9,16,-2,10,0,-174
2083,16,-131,7,15,-3,6,-7,-176
2084,17,-137,7,16,-5,8,-8,-177
2085,19,-141,8,18,-6,8,-10,-175
2086,18,-144,8,18,-9,8,-12,-176
2087,18,-146,8,18,-14,7,-14,-175
2088,20,-147,8,19,-14,8,-16,-175
2089,17,-148,8,18,-2,8,-12,-176
2090,16,-148,7,16,-6,6,-16,-176
2091,17,-149,7,16,-7,8,-17,-178
2092,17,-150,8,18,-8,9,-19,-178
2093,17,-151,8,18,-12,9,-21,-178
2094,16,-143,8,17,-16,8,-24,-178
2095,17,-141,8,19,-16,9,-27,-178
2096,15,-147,8,16,-19,8,-29,-178
2097,18,-150,9,19,-16,10,-31,-179
2098,16,-152,9,19,-10,10,-32,-177
2099,17,-147,10,19,-2,10,-28,-178
2100,14,-146,7,17,-3,6,-28,-179
2101,12,-150,7,15,-5,5,-34,-177
2102,11,-152,6,13,-10,5,-38,-179
2103,12,-149,8,15,-3,7,-28,-179
2104,14,-150,7,17,-3,9,-29,-179
2105,16,-151,7,17,-3,8,-33,-179
2106,17,-152,8,19,-2,10,-34,-179
2107,15,-153,7,17,-3,7,-38,-179
2108,16,-153,8,19,-2,9,-39,-179
2109,12,-154,7,16,-3,6,-42,-179
2110,10,-154,6,14,-3,5,-43,-179
2111,9,-154,7,15,-5,6,-46,-179
2112,10,-155,8,18,-6,8,-47,-180
2113,9,-155,7,15,-8,7,-53,-180
2114,9,-155,6,14,-12,6,-56,-180
2115,11,-155,8,15,-2,9,-57,-179
2116,9,-153,7,15,-4,6,-51,-179
2117,8,-154,6,15,-4,6,-53,-180
2118,8,-154,6,15,-4,6,-55,-180
2119,8,-155,6,15,-4,8,-54,-180
2120,9,-155,7,17,-4,8,-58,-180
2121,8,-156,8,18,-4,8,-59,-180
2122,9,-156,7,17,-5,9,-62,-180
2123,8,-156,7,16,-4,8,-62,-180
2124,15,-152,9,18,-2,11,-55,-180
2125,9,-148,6,16,-4,6,-51,-180
2126,9,-148,6,15,-4,7,-50,-180
2127,11,-149,8,16,-2,9,-48,-180
2128,17,-136,8,18,-1,9,-12,-180
2129,13,-132,6,16,-3,6,-18,-180
2130,12,-133,6,15,-3,6,-19,-178
2131,13,-133,7,16,-3,8,-17,-178
2132,13,-134,6,16,-3,8,-19,-179
2133,13,-135,6,16,-3,8,-20,-179
2134,13,-137,6,16,-3,8,-20,-179
2135,16,-139,8,18,-2,10,-21,-179
2136,16,-141,8,18,-2,10,-20,-179
2137,14,-140,7,18,-2,7,-18,-179
2138,12,-141,6,16,-3,7,-21,-179
2139,11,-142,5,15,-4,6,-22,-179
2140,12,-144,5,16,-3,7,-21,-179
2141,15,-139,7,17,-2,9,-8,-178
2142,13,-138,6,16,-3,8,-10,-179
2143,14,-137,6,16,-3,9,-10,-179
2144,13,-137,6,15,-3,8,-12,-179
2145,12,-138,5,15,-3,8,-12,-179
2146,12,-139,6,15,-4,8,-12,-179
2147,13,-140,6,16,-4,8,-13,-178
2148,14,-141,6,18,-3,9,-13,-177
2149,16,-142,8,18,-2,13,-12,-177
2150,12,-142,6,17,-3,7,-13,-176
2151,11,-143,5,15,-4,7,-15,-176
2152,12,-144,6,15,-3,7,-11,-176
2153,11,-140,5,14,-4,6,-14,-175
2154,11,-140,5,14,-4,6,-15,-157
2155,11,-141,5,14,-4,7,-15,-174
2156,11,-141,5,15,-4,8,-15,-175
2157,14,-147,6,17,-3,10,-15,-176
2158,16,-146,8,18,-2,11,-8,-175
2159,14,-141,6,17,-3,9,-7,-175
2160,12,-134,5,15,-4,8,-8,-174
2161,13,-139,5,16,-3,10,-7,-175
2162,17,-138,7,17,-2,10,-6,-171
2163,13,-132,6,16,-3,8,-6,-170
2164,13,-133,5,15,-3,8,-8,-171
2165,12,-133,5,15,-4,8,-8,-170
2166,12,-134,5,14,-4,7,-8,-158
2167,12,-134,5,14,-4,8,-8,-157
2168,12,-134,5,14,-3,8,-9,-158
2169,12,-134,5,15,-3,8,-8,-167
2170,16,-139,6,17,-2,11,-9,-167
2171,16,-133,6,17,-3,11,-9,-167
2172,16,-143,6,17,-3,10,-9,-166
2173,16,-144,7,17,-2,10,-9,-166
2174,15,-144,7,18,-2,9,-8,-165
2175,15,-143,8,18,-2,9,-5,-164
2176,13,-142,6,16,-3,8,-8,-164
2177,14,-143,6,18,-3,11,-8,-162
2178,12,-139,5,15,-4,8,-10,-161
2179,11,-132,5,15,-4,7,-11,-149
2180,11,-135,4,14,-5,7,-12,-151
2181,11,-136,4,15,-4,8,-11,-149
2182,17,-134,6,17,-2,13,-9,-160
2183,15,-115,6,17,-4,8,-3,-158
2184,17,-110,8,18,-3,10,0,-157
2185,14,-107,6,17,-3,8,-1,-154
2186,15,-105,6,17,-4,8,-1,-147
2187,18,-101,7,18,-3,12,2,-146
2188,17,8,7,17,-4,7,16,9
2189,17,-19,6,17,-3,8,15,10
2190,16,-33,6,17,-3,7,14,2
2191,16,-45,6,17,-4,7,14,1
2192,15,-55,5,17,-5,7,13,0
2193,14,-63,5,17,-5,6,12,-1
2194,14,-72,5,17,-5,7,12,-1
2195,14,-82,5,17,-5,7,11,0
2196,13,-91,4,16,-11,6,9,-22
2197,12,-98,5,16,-16,6,8,-26
2198,13,-99,6,16,-11,6,8,-28
2199,13,-100,7,16,-5,7,8,-30
2200,16,-100,8,16,-4,8,11,-25
2201,17,-103,6,16,-4,10,12,-15
2202,14,-107,5,16,-7,6,11,-26
2203,13,-102,5,16,-6,5,10,-29
2204,12,-103,5,15,-9,4,10,-32
2205,11,-103,5,15,-6,4,10,-36
2206,14,-103,6,16,-5,6,10,-37
2207,18,-103,6,16,-4,8,13,-34
2208,15,-106,5,16,-4,6,12,-34
2209,12,-106,4,14,-8,5,10,-38
2210,10,-108,4,13,-9,5,10,-45
2211,10,-111,4,13,-14,4,10,-50
2212,10,-112,4,13,-14,5,9,-53
2213,10,-113,5,14,-7,5,10,-56
2214,10,-116,5,13,-7,5,9,-60
2215,9,-116,5,11,-8,4,9,-65
2216,11,-116,5,12,-4,6,8,-69
2217,14,-116,5,12,-5,8,7,-71
2218,15,-122,5,13,-5,8,9,-76
2219,13,-125,5,12,-5,6,9,-77
2220,16,-121,5,13,-6,7,9,-76
2221,11,-123,4,12,-6,4,8,-82
2222,16,-120,5,15,-5,7,9,-81
2223,17,-122,6,14,-4,8,10,-79
2224,15,-127,5,15,-5,7,10,-84
2225,17,-118,6,15,-4,8,12,-74
2226,16,-103,6,16,-4,7,14,-56
2227,15,-103,5,15,-4,6,13,-54
2228,15,-102,5,15,-5,6,13,-55
2229,14,-102,5,13,-5,6,12,-57
2230,16,-101,6,15,-4,7,13,-56
2231,15,-100,6,16,-4,7,13,-55
2232,14,-101,5,15,-5,6,13,-54
2233,11,-101,5,13,-5,5,12,-56
2234,10,-102,4,12,-5,4,11,-61
2235,10,-103,4,13,-5,4,10,-63
2236,10,-106,3,12,-6,4,10,-69
2237,9,-109,3,13,-5,4,9,-70
2238,14,-108,5,14,-4,7,11,-67
2239,14,-112,5,14,-3,6,11,-73
2240,11,-113,4,14,-7,6,10,-80
2241,10,-112,4,14,-4,6,10,-81
2242,17,-109,6,14,-4,10,14,-50
2243,16,-108,5,15,-4,7,15,-40
2244,15,-105,6,16,-4,7,13,-38
2245,15,-103,5,14,-4,7,13,-40
2246,15,-100,6,16,-2,7,13,-41
2247,19,-53,7,16,-4,8,17,15
2248,16,-53,6,15,-6,6,15,8
2249,15,-53,5,15,-6,6,14,7
2250,16,-53,5,16,-5,7,14,10
2251,17,-54,6,16,-6,7,14,0
2252,16,-61,6,16,-7,6,13,1
2253,16,-64,6,16,-6,6,14,4
2254,15,-69,5,14,-6,6,13,-15
2255,15,-76,5,15,-5,6,14,-13
2256,15,-82,5,14,-5,6,13,-16
2257,16,-85,5,15,-5,7,14,-12
2258,16,-89,5,15,-6,6,14,-16
2259,18,-94,6,16,-7,8,14,-18
2260,17,-94,5,16,-8,7,13,-19
2261,18,-95,7,16,-3,9,14,-6
2262,18,-92,7,17,-5,8,17,3
2263,16,-85,6,16,-5,6,15,1
2264,19,-82,6,17,-4,8,15,2
2265,18,-81,7,17,-3,10,16,7
2266,20,-69,8,17,-3,9,0,10
2267,18,-63,7,17,-3,9,16,4
2268,17,-65,6,17,-5,7,16,1
2269,16,-68,6,17,-7,7,15,-1
2270,16,-74,6,16,-8,7,14,-2
2271,16,-79,5,15,-7,6,-9999,-2
2272,16,-81,5,14,-8,6,-9999,-16
2273,16,-83,5,14,-8,6,-9999,-20
2274,18,-84,7,16,-10,8,-9999,-10
2275,18,-85,7,16,-8,7,-9999,-8
2276,19,-97,8,16,-5,8,-9999,-3
2277,16,-98,6,14,-5,6,-9999,0
2278,16,-99,6,15,-7,6,-9999,-2
2279,18,-99,7,16,-4,7,-9999,-26
2280,18,-82,7,17,-4,7,-9999,0
2281,16,-82,6,15,-8,6,-9999,-4
2282,19,-82,7,16,-3,8,-9999,-14
2283,19,-81,8,16,-4,8,-9999,-7
2284,17,-82,7,17,-4,7,-9999,-5
2285,17,-82,6,15,-5,6,-9999,-5
2286,20,-81,7,17,-5,8,-9999,-5
2287,16,-83,6,13,-7,6,-9999,-17
2288,16,-84,6,14,-9,6,-9999,-18
2289,20,-83,8,-32,-3,-9999,-9999,-10
2290,17,-83,6,-31,-4,-9999,-9999,1
2291,17,-82,6,-31,-5,-9999,-9999,2
2292,16,-82,6,-34,-5,-9999,-9999,1
2293,18,-81,7,-32,-3,-9999,-9999,4
2294,19,-55,8,-31,-4,-9999,-9999,8
2295,18,-56,6,-34,-7,-9999,-9999,4
2296,18,-56,6,-33,-11,-9999,-9999,3
2297,18,-59,6,-33,-15,-9999,3,-1
2298,18,-64,6,-34,-17,-9999,6,-9
2299,18,-72,6,-34,-20,-9999,2,-13
2300,18,-77,6,-34,-21,-9999,3,-15
2301,18,-79,6,-34,-21,-9999,4,-18
2302,17,-82,6,-35,-23,-9999,4,-21
2303,18,-90,6,-34,-21,-9999,4,-24
2304,20,-95,7,-32,-20,-9999,4,-24
2305,18,-78,7,-34,-5,-9999,4,-22
2306,17,-79,6,-35,-14,-9999,4,-28
2307,18,-82,7,-34,-18,-9999,4,-30
2308,19,-109,7,-34,-19,-9999,4,-32
2309,18,-106,7,-35,-10,-9999,4,-27
2310,18,-101,7,-34,-18,-9999,5,-31
2311,19,-103,7,-33,-7,-9999,4,-33
2312,-9999,-104,7,-34,-8,-9999,4,-35
2313,-9999,-105,8,-26,-2,-9999,7,-29
2314,-9999,-108,7,-32,-5,-9999,7,-22
2315,-9999,-98,7,-32,-4,-9999,6,-4
2316,-9999,-98,7,-32,-9,-9999,5,-9
2317,-9999,-99,8,-30,-7,-9999,6,-13
2318,-9999,-99,7,-32,-10,-9999,4,-19
2319,-9999,-100,7,-33,-16,-9999,3,-22
2320,-9999,-108,7,-33,-18,-9999,4,-27
2321,-9999,-106,7,-34,-21,-9999,4,-31
2322,-9999,-107,7,-34,-21,-9999,5,-35
2323,-9999,-111,8,-32,-20,-9999,6,-37
2324,-9999,-112,8,-32,-19,-9999,5,-40
2325,-9999,-114,9,-26,-4,-9999,5,-43
2326,-9999,-117,7,-32,-10,-9999,6,-40
2327,-9999,-108,7,-30,-3,-9999,5,-33
2328,-9999,-107,6,-31,-4,-9999,4,-28
2329,-9999,-126,7,-30,-11,-9999,6,-33
2330,-9999,-128,7,-30,-16,-9999,5,-38
2331,-9999,-129,6,-31,-19,-9999,3,-44
2332,-9999,-128,7,-32,-20,-9999,2,-50
2333,-9999,-129,7,-29,-19,-9999,4,-54
2334,-9999,-123,6,-30,-14,-9999,5,-56
2335,-9999,-124,6,-32,-19,-9999,2,-60
2336,-9999,-126,7,-31,-20,-9999,2,-65
2337,-9999,-128,7,-32,-20,-9999,1,-70
2338,-9999,-130,7,-32,-20,-9999,1,-76
2339,-9999,-132,7,-32,-20,-9999,17,-83
2340,-9999,-133,7,-32,-21,-9999,16,-90
2341,-9999,-135,7,-32,-22,-9999,16,-96
2342,-9999,-136,8,-29,-19,-9999,16,-101
2343,-9999,-137,7,-32,-21,-9999,16,-105
2344,-9999,-139,7,-32,-21,-9999,13,-111
2345,-9999,-140,7,-32,-26,-9999,14,-116
2346,-9999,-141,7,-32,-26,-9999,12,-121
2347,-9999,-142,7,-32,-27,-9999,10,-125
2348,-9999,-141,8,-29,-31,-9999,12,-124
2349,-9999,-139,7,-30,-22,-9999,11,-125
2350,-9999,-140,8,-30,-20,-9999,11,-126
2351,-9999,-138,8,-29,-21,-9999,10,-126
2352,-9999,-137,7,-31,-20,-9999,9,-126
2353,-9999,-139,7,-29,-19,-9999,9,-129
2354,-9999,-141,7,-30,-20,-9999,9,-130
2355,-9999,-142,7,-32,-25,-9999,7,-138
2356,-9999,-142,7,-33,-27,-9999,5,-142
2357,-9999,-144,7,-31,-38,-9999,4,-144
2358,-9999,-144,7,-30,-45,-9999,4,-148
2359,-9999,-145,8,-32,-49,-9999,3,-150
2360,-9999,-131,8,-28,-6,-9999,7,-150
2361,-9999,-134,7,-31,-19,-9999,6,-154
2362,-9999,-138,7,-30,-21,-9999,6,-158
2363,-9999,-141,7,-32,-30,-9999,4,-162
2364,-9999,-143,8,-32,-38,-9999,3,-165
2365,-9999,-145,7,-31,-34,-9999,3,-168
2366,-9999,-146,8,-30,-43,-9999,1,-171
2367,-9999,-142,7,-29,-23,-9999,2,-168
2368,-9999,-145,7,-30,-27,-9999,1,-173
2369,-9999,-147,7,-30,-38,-9999,0,-173
2370,-9999,-148,8,-31,-46,-9999,-3,-174
2371,-9999,-148,7,-32,-51,-9999,-4,-174
2372,-9999,-149,7,-32,-54,-9999,-6,-174
2373,-9999,-150,7,-32,-60,-9999,-9,-174
2374,-9999,-152,7,-31,-64,-9999,-11,-174
2375,-9999,-152,7,-30,-67,-9999,-11,-174
2376,-9999,-153,7,-30,-69,-9999,-13,-175
2377,-9999,-154,7,-30,-70,-9999,-16,-175
2378,-9999,-154,8,-29,-71,-9999,-15,-175
2379,-9999,-153,7,-30,-70,-9999,-18,-176
2380,-9999,-153,7,-29,-70,-9999,-17,-176
2381,-9999,-151,8,-28,-68,-9999,-15,-176
2382,-9999,-152,8,-28,-66,-9999,-19,-176
2383,-9999,-150,7,-30,-64,-9999,-24,-177
2384,-9999,-152,7,-32,-68,-9999,-31,-177
2385,-9999,-153,8,-32,-72,-9999,-35,-177
2386,-9999,-153,8,-32,-72,-9999,-41,-178
2387,-9999,-153,10,-28,-70,-9999,-39,-178
2388,-9999,-150,8,-29,-63,-9999,-30,-178
2389,-9999,-152,7,-30,-63,-9999,-38,-179
2390,-9999,-152,7,-30,-66,-9999,-42,-179
2391,-9999,-154,8,-31,-71,-9999,-47,-179
2392,-9999,-152,8,-28,-69,-9999,-46,-179
2393,-9999,-153,7,-31,-70,-9999,-51,-179
2394,-9999,-154,8,-32,-72,-9999,-56,-180
2395,-9999,-155,8,-31,-74,-9999,-59,-180
2396,-9999,-155,8,-31,-72,-9999,-63,-180
2397,-9999,-155,8,-32,-72,-9999,-68,-180
2398,-9999,-134,9,-26,-24,-9999,-32,-180
2399,-9999,-138,8,-28,-27,-9999,-38,-180
2400,-9999,-142,8,-30,-34,-9999,-44,-180
2401,-9999,-146,8,-32,-45,-9999,-51,-180
2402,-9999,-149,8,-31,-53,-9999,-55,-180
2403,-9999,-145,9,-28,-57,-9999,-57,-181
2404,-9999,-146,9,-28,-53,-9999,-55,-181
2405,-9999,-144,9,-24,0,-9999,-33,-182
2406,-9999,-146,8,-28,-15,-9999,-37,-182
2407,-9999,-151,8,-29,-18,-9999,-42,-182
2408,-9999,-153,8,-30,-25,-9999,-50,-182
2409,-9999,-154,8,-31,-36,-9999,-56,-182
2410,-9999,-154,10,-31,-45,-9999,-61,-183
2411,-9999,-154,8,-33,-47,-9999,-68,-183
2412,-9999,-156,9,-33,-58,-9999,-73,-182
2413,-9999,-158,9,-33,-65,-9999,-76,-183
2414,-9999,-159,9,-30,-72,-9999,-78,-183
2415,-9999,-45,10,-27,0,-9999,1,-182
2416,-9999,-77,11,-25,1,-9999,2,-183
2417,-9999,-126,10,-20,1,-9999,2,-183
2418,-9999,-124,10,-24,1,-9999,5,-183
2419,-9999,-126,9,-26,0,-9999,4,-182
2420,-9999,-128,9,-24,0,-9999,4,-182
2421,-9999,-133,9,-26,0,-9999,3,-182
2422,-9999,-135,8,-26,0,-9999,2,-182
2423,-9999,-138,8,-28,-9,-9999,1,-182
2424,-9999,-138,9,-28,-17,-9999,1,-182
2425,-9999,-141,8,-29,-18,-9999,-2,-182
2426,-9999,-143,8,-31,-20,-9999,-5,-182
2427,-9999,-144,8,-32,-26,-9999,-7,-182
2428,-9999,-146,9,-32,-36,-9999,-7,-182
2429,-9999,-147,9,-31,-44,-9999,-9,-182
2430,-9999,-147,9,-28,-38,-9999,-7,-182
2431,-9999,-147,9,-30,-38,-9999,-11,-182
2432,-9999,-146,9,-30,-46,-9999,-13,-182
2433,-9999,-145,8,-30,-48,-9999,-16,-182
2434,-9999,-146,8,-32,-50,-9999,-22,-182
2435,-9999,-150,9,-31,-57,-9999,-26,-182
2436,-9999,-150,8,-30,-59,-9999,-27,-182
2437,-9999,-151,9,-31,-62,-9999,-32,-182
2438,-9999,-153,9,-33,-65,-9999,-36,-182
2439,-9999,-154,10,-33,-68,-9999,-40,-182
2440,-9999,-156,10,-32,-72,-9999,-43,-182
2441,-9999,-156,10,-32,-74,-9999,-47,-182
2442,-9999,-156,10,-31,-77,-9999,-50,-182
2443,-9999,-157,10,-30,-76,-9999,-53,-182
2444,-9999,-152,11,-28,-20,-9999,-38,-182
2445,-9999,-148,9,-29,-22,-9999,-37,-182
2446,-9999,-146,10,-26,0,-9999,-15,-182
2447,-9999,-146,8,-30,-13,-9999,-28,-182
2448,-9999,-149,10,-29,-19,-9999,-31,-182
2449,-9999,-152,10,-28,-19,-9999,-34,-183
2450,-9999,-152,9,-29,-12,-9999,-29,-183
2451,-9999,-153,10,-31,-18,-9999,-34,-183
2452,-9999,-154,9,-28,-22,-9999,-36,-182
2453,-9999,-148,9,-27,-11,-9999,-32,-183
2454,-9999,-146,9,-28,-14,-9999,-33,-183
2455,-9999,-146,8,-29,-19,-9999,-39,-183
2456,-9999,-150,8,-30,-22,-9999,-43,-183
2457,-9999,-152,9,-30,-32,-9999,-47,-183
2458,-9999,-153,9,-30,-41,-9999,-51,-183
2459,-9999,-154,8,-30,-47,-9999,-56,-183
2460,-9999,-154,8,-33,-50,-9999,-62,-183
2461,-9999,-156,8,-34,-57,-9999,-64,-183
2462,-9999,-154,8,-33,-63,-9999,-65,-183
2463,-9999,-156,9,-33,-63,-9999,-68,-183
2464,-9999,-157,10,-30,-4,-9999,-67,-183
2465,-9999,-141,10,-24,0,-9999,-5,-183
2466,-9999,-124,9,-26,0,-9999,-4,-183
2467,-9999,-122,8,-27,-1,-9999,-6,-183
2468,-9999,-122,8,-29,-2,-9999,-6,-183
2469,-9999,-126,9,-28,-2,-9999,-7,-183
2470,-9999,-132,9,-28,-10,-9999,-8,-183
2471,-9999,-136,9,-28,-15,-9999,-10,-183
2472,-9999,-137,9,-29,-18,-9999,-12,-183
2473,-9999,-140,9,-30,-19,-9999,-14,-183
2474,-9999,-140,7,-32,-23,-9999,-20,-184
2475,-9999,-142,8,-33,-30,-9999,-23,-183
2476,-9999,-143,7,-33,-35,-9999,-26,-183
2477,-9999,-144,8,-32,-38,-9999,-26,-183
2478,-9999,-144,9,-29,-40,-9999,-28,-183
2479,-9999,-143,8,-31,-30,-9999,-30,-183
2480,-9999,-143,7,-31,-36,-9999,-32,-183
2481,-9999,-144,10,-27,-39,-9999,-32,-183
2482,-9999,-143,10,-25,-40,-9999,-34,-182
2483,-9999,-142,9,-25,-36,-9999,-35,-182
2484,-9999,-142,10,-25,-21,-9999,-32,-182
2485,-9999,-142,9,-27,-21,-9999,-33,-183
2486,-9999,-135,10,-24,0,-9999,-6,-183
2487,-9999,-110,10,-22,-2,-9999,1,-182
2488,-9999,-111,9,-28,-4,-9999,1,-183
2489,-9999,-114,11,-23,-4,-9999,1,-182
2490,-9999,-117,8,-28,-10,-9999,-1,-182
2491,-9999,-119,8,-27,-13,-9999,-2,-182
2492,-9999,-121,8,-27,-14,-9999,-3,-182
2493,-9999,-120,8,-25,-4,-9999,-1,-182
2494,-9999,-122,8,-25,-7,-9999,-2,-183
2495,-9999,-126,10,-21,-6,-9999,-2,-183
2496,-9999,-127,10,-25,-2,-9999,2,-183
2497,-9999,-129,8,-28,-8,-9999,-2,-183
2498,-9999,-132,10,-22,-5,-9999,-2,-183
2499,-9999,-133,10,-21,-5,-9999,-2,-183
2500,-9999,-134,10,-26,-3,-9999,0,-183
2501,-9999,-136,8,-28,-9,-9999,-4,-183
2502,-9999,-138,8,-28,-9,-9999,-4,-183
2503,-9999,-139,8,-28,-10,-9999,-4,-183
2504,-9999,-140,8,-28,-10,-9999,-5,-183
2505,-9999,-141,11,-21,-3,-9999,-3,-183
2506,-9999,-132,8,-25,-4,-9999,-1,-183
2507,-9999,-133,8,-24,-7,-9999,-1,-183
2508,-9999,-134,8,-26,-10,-9999,-2,-183
2509,-9999,-135,7,-27,-11,-9999,-2,-183
2510,-9999,-137,7,-27,-12,-9999,-2,-183
2511,-9999,-138,8,-27,-11,-9999,-2,-183
2512,-9999,-140,8,-25,-10,-9999,-3,-183
2513,-9999,-141,8,-26,-10,-9999,-2,-183
2514,-9999,-143,9,-28,-9,-9999,-9999,-183
2515,-9999,-144,9,-25,-7,-9999,-9999,-184
2516,-9999,-141,8,-29,-4,-9999,-9999,-183
2517,-9999,-141,8,-30,-5,-9999,-9999,-183
2518,-9999,-142,8,-30,-9,-9999,-9999,-183
2519,-9999,-143,8,-30,-11,-9999,-9999,-182
2520,-9999,-142,8,-28,-5,-9999,-9999,-183
2521,-9999,-141,9,-25,-3,-9999,-9999,-183
2522,-9999,-141,9,-27,-5,-9999,-9999,-183
2523,-9999,-141,9,-27,-6,-9999,-9999,-183
2524,-9999,-140,9,-28,-9,-9999,-9999,-182
2525,-9999,-139,10,-25,-9,-9999,-9999,-183
2526,-9999,-139,10,-25,-3,-9999,-9999,-183
2527,-9999,-138,10,-26,-3,-9999,-9999,-183
2528,-9999,-137,9,-28,-5,-9999,-9999,-183
2529,-9999,-138,9,-28,-8,-9999,-9999,-183
2530,-9999,-138,9,-28,-9,-9999,-9999,-182
2531,-9999,-138,9,-28,-4,-9999,-9999,-180
2532,-9999,-137,8,-29,-7,-9999,-9999,-180
2533,-9999,-132,9,-24,-3,-9999,-9999,-180
2534,-9999,-132,8,-27,-5,-9999,-9999,-180
2535,-9999,-127,7,-29,-9999,-9999,-9999,-177
2536,-9999,-127,8,-29,-9999,-9999,-9999,-177
2537,-9999,-126,8,-29,-9999,-9999,-9999,-177
2538,-9999,-126,8,-27,-9999,-9999,-9999,-173
2539,-9999,-126,8,-28,-9999,-9999,-9999,-174
2540,-9999,-126,8,-29,-9999,-9999,-9999,-174
2541,-9999,-128,7,-33,-9999,-9999,-9999,-173
2542,-9999,-130,6,-33,-9999,-9999,-9999,-173
2543,-9999,-127,7,-33,-9999,-9999,-9999,-173
2544,-9999,-109,9,-21,-9999,-9999,-9999,-140
2545,-9999,-90,7,-32,-9999,-9999,-9999,-166
2546,-9999,-92,7,-33,-9999,-9999,-9999,-165
2547,-9999,-96,7,-33,-9999,-9999,-9999,-162
2548,-9999,-98,7,-31,-9999,-9999,-9999,-160
2549,-9999,-102,8,-31,-9999,-9999,-9999,-160
2550,-9999,-107,8,-30,-9999,-9999,-9999,-157
2551,-9999,-107,8,-24,-9999,-9999,-9999,-157
2552,-9999,-107,7,-27,-9999,-9999,-9999,-155
2553,-9999,-96,10,-22,-9999,-9999,-9999,-158
2554,-9999,-96,8,-28,-9999,-9999,-9999,-150
2555,18,-94,8,-28,-12,-9999,-9999,-130
2556,16,-93,8,-29,-11,-9999,-9999,-123
2557,15,-92,7,-30,-13,-9999,-9999,-120
2558,15,-90,8,-27,-10,-9999,-9999,-111
2559,15,-90,7,-30,-11,-9999,-9999,-108
2560,17,-90,8,-24,-10,-9999,-9999,-99
2561,18,-85,10,-21,-8,-9999,-9999,-69
2562,15,-87,6,-30,-12,-9999,-9999,-55
2563,14,-88,6,-34,-16,-9999,-9999,-54
2564,14,-88,5,-35,-22,-9999,-9999,-55
2565,13,-89,4,-35,-24,-9999,-9999,-57
2566,13,-90,4,-36,-24,-9999,-9999,-63
2567,14,-90,8,-35,-18,-9999,-9999,-63
2568,18,-90,10,-24,-8,-9999,-9999,-55
2569,19,-90,8,-25,-8,-9999,-9999,-48
2570,21,3,7,-25,-8,-9999,-9999,16
2571,16,15,6,-29,-8,-9999,-9999,16
2572,16,8,6,-29,-8,-9999,-9999,14
2573,15,0,6,-31,-9,-9999,-9999,10
2574,16,-13,6,-29,-8,-9999,-9999,19
2575,17,-19,7,-27,-7,-9999,-9999,12
2576,18,-31,7,-28,-7,-9999,-9999,10
2577,17,-42,6,-29,-7,-9999,-9999,13
2578,21,-49,7,-27,-6,-9999,-9999,11
2579,21,-56,7,-27,-5,-9999,-9999,4
2580,22,-54,7,-27,-6,-9999,-9999,3
2581,22,-52,8,-25,-5,-9999,-9999,4
2582,21,-58,7,-26,-5,-9999,-9999,4
2583,22,-63,7,-27,-6,-9999,-9999,4
2584,18,-69,6,-27,-6,-9999,-9999,4
2585,16,-72,6,-29,-6,-9999,-9999,1
2586,16,-77,6,-29,-7,-9999,-9999,1
2587,16,-79,6,-29,-6,-9999,-9999,0
2588,15,-77,6,-30,-7,-9999,-9999,-1
2589,18,-81,6,-28,-6,-9999,-9999,1
2590,16,-82,6,-28,-6,-9999,-9999,1
2591,15,-88,6,-31,-7,-9999,-9999,-3
2592,15,-92,6,-35,-9,-9999,-9999,-16
2593,15,-81,6,-30,-8,-9999,-9999,-16
2594,19,-98,6,-30,-7,-9999,-9999,-13
2595,19,-99,6,-28,-6,-9999,-9999,-9
2596,23,-77,8,-25,-2,-9999,-9999,18
2597,18,-73,6,-27,-4,-9999,-9999,9
2598,17,-72,6,-32,-4,-9999,-9999,0
2599,16,-62,6,-31,-4,-9999,-9999,7
2600,19,-60,6,-28,-4,-9999,-9999,14
2601,19,-53,7,-27,-3,-9999,-9999,13
2602,18,-58,6,-29,-3,-9999,-9999,9
2603,19,-65,6,-28,-3,-9999,-9999,14
2604,16,-73,6,-29,-3,-9999,-9999,3
2605,15,-80,6,-33,-4,-9999,-9999,-11
2606,17,-80,6,-29,-3,-9999,-9999,10
2607,17,-81,7,-28,-3,-9999,-9999,2
2608,16,-83,7,-30,-3,-9999,-9999,-2
2609,16,-80,7,-30,-3,-9999,-9999,-14
2610,16,-93,7,-29,-2,-9999,-9999,-17
2611,17,-89,7,-28,-1,-9999,-9999,-16
2612,17,-93,7,-27,-1,-9999,-9999,-14
2613,17,-106,6,-25,0,-9999,-9999,-3
2614,18,-95,7,-29,-3,-9999,-9999,-2
2615,18,-79,7,-29,-5,-9999,-9999,0
2616,18,-79,7,-28,-4,-9999,-9999,2
2617,18,-77,8,-25,-3,-9999,-9999,-13
2618,18,-80,8,-27,-2,-9999,-9999,3
2619,17,-77,7,-29,-3,-9999,-9999,0
2620,17,-81,6,-30,-4,-9999,-9999,-1
2621,17,-82,6,-31,-3,-9999,-9999,-2
2622,18,-83,7,-29,-2,-9999,-9999,2
2623,20,-84,9,-19,0,-9999,-9999,8
2624,22,-71,8,-23,0,-9999,-9999,8
2625,20,-65,7,-27,-2,-9999,-9999,4
2626,18,-65,7,-27,-2,-9999,-9999,3
2627,17,-66,6,-30,-4,-9999,-9999,-1
2628,16,-70,6,-31,-6,-9999,-9999,-1
2629,16,-75,6,-31,-8,-9999,-9999,-2
2630,16,-79,6,-30,-5,-9999,-9999,-1
2631,16,-82,6,-32,-2,-9999,-9999,-3
2632,16,-83,6,-31,-3,-9999,-9999,-2
2633,16,-84,6,-30,-3,-9999,-9999,-2
2634,17,-85,7,-29,-2,-9999,-9999,-8
2635,18,-96,7,-26,-2,-9999,-9999,-2
2636,17,-96,7,-28,-2,-9999,-9999,2
2637,19,-95,8,-22,-1,-9999,-9999,3
2638,17,-95,7,-29,-3,-9999,-9999,1
2639,16,-96,6,-32,-7,-9999,-9999,-18
2640,16,-87,7,-29,-3,-9999,-9999,-11
2641,19,-82,8,-29,-1,-9999,-9999,-15
2642,18,-94,8,-30,-1,-9999,-9999,0
2643,20,-93,8,-20,0,-9999,-9999,-8
2644,21,-85,8,-27,0,-9999,-9999,-13
2645,19,-84,8,-26,0,-9999,-9999,2
2646,20,-80,8,-28,0,-9999,-9999,-11
2647,22,-85,9,-23,0,-9999,-9999,0
2648,24,-48,9,-20,1,-9999,-9999,1
2649,20,-49,8,-25,0,-9999,-9999,8
2650,21,-51,8,-26,1,-9999,-9999,7
2651,23,-46,9,1,5,-9999,-9999,12
2652,23,-42,9,-22,1,-9999,-9999,8
2653,21,-44,9,-20,2,-9999,-9999,10
2654,20,-47,8,-22,1,-9999,-9999,10
2655,20,-40,8,-22,0,-9999,-9999,9
2656,21,-45,9,-23,0,-9999,-9999,7
2657,20,-52,9,-24,0,-9999,-9999,6
2658,20,-61,8,-26,1,-9999,-9999,4
2659,21,-52,8,-26,1,-9999,-9999,4
2660,20,-63,8,-27,0,-9999,-9999,-2
2661,20,-70,9,-26,0,-9999,-9999,0
2662,20,-75,8,-26,1,-9999,-9999,-2
2663,20,-80,8,-26,2,-9999,-9999,-1
2664,21,-85,8,-27,1,-9999,-9999,-4
2665,20,-92,8,-27,0,-9999,-9999,-9
2666,19,-97,9,-26,1,-9999,-9999,-11
2667,25,-75,11,5,6,-9999,-9999,12
2668,1,-80,10,4,7,-9999,-9999,13
2669,23,-78,9,-17,3,-9999,-9999,8
2670,22,-84,9,-17,2,-9999,-9999,3
2671,21,-89,10,-19,3,-9999,-9999,-1
2672,22,-91,10,-18,2,-9999,-9999,-2
2673,22,-92,9,0,4,-9999,-9999,-4
2674,21,-95,8,-18,4,-9999,-9999,-6
2675,21,-99,9,-19,3,-9999,-9999,-11
2676,24,-99,11,3,6,-9999,-9999,2
2677,24,-75,10,-16,4,-9999,-9999,-1
2678,24,-82,9,-16,5,-9999,-9999,-2
2679,25,-43,10,2,6,-9999,-9999,4
2680,24,-59,10,-16,5,-9999,-9999,0
2681,23,-67,10,0,5,-9999,-9999,-4
2682,0,-67,11,4,7,-9999,-9999,9
2683,25,-35,10,2,5,-9999,-9999,11
2684,25,-34,10,3,7,-9999,-9999,11
2685,24,-35,8,-16,4,-9999,-9999,8
2686,23,-40,8,-17,4,-9999,-9999,4
2687,23,-44,9,-16,4,-9999,-9999,1
2688,23,-48,8,0,5,-9999,-9999,0
2689,24,-50,8,-16,5,-9999,-9999,-1
2690,24,-61,9,-16,5,-9999,-9999,-3
2691,23,-68,9,-16,6,-9999,-9999,-5
2692,23,-76,8,-18,5,-9999,-9999,-10
2693,22,-84,8,-18,5,-9999,-9999,-14
2694,22,-92,8,-16,7,-9999,-9999,-17
2695,22,-97,8,-17,6,-9999,-9999,-22
2696,22,-101,8,-16,7,-9999,-9999,-26
2697,22,-101,9,-16,6,-9999,-9999,-21
2698,23,-109,8,-17,7,-9999,-9999,-30
2699,6,-38,2,1,9,-9999,-9999,-5
2700,25,-88,9,-17,1,-9999,-9999,-21
2701,24,-98,9,0,0,-9999,-9999,-28
2702,0,-99,9,1,4,-9999,-9999,-17
2703,3,-79,10,5,8,-9999,-9999,9
2704,0,-75,9,0,2,-9999,-9999,2
2705,1,-77,9,-16,1,-9999,-9999,-2
2706,2,-44,10,7,7,-9999,-9999,16
2707,2,-57,9,3,5,-9999,-9999,10
2708,0,-61,8,-16,-2,-9999,-9999,0
2709,24,-66,8,-16,-6,-9999,-9999,-7
2710,23,-69,8,-16,-9,-9999,-9999,-13
2711,22,-76,8,-16,-10,-9999,-9999,-18
2712,23,-84,8,1,-12,-9999,-9999,-26
2713,24,-90,10,2,-4,-9999,-9999,-24
2714,24,-93,9,-16,-9,-9999,-9999,-25
2715,24,-99,9,0,-10,-9999,-9999,-29
2716,24,-104,9,-9999,-11,-9999,-9999,-34
2717,22,-110,9,-9999,-11,-9999,-9999,-38
2718,25,-113,10,-9999,-10,-9999,-9999,-44
2719,24,-116,8,-9999,-14,-9999,-9999,-55
2720,22,-121,8,-9999,-20,-9999,-9999,-65
2721,22,-125,8,-9999,-22,-9999,-9999,-76
2722,22,-127,8,-21,-24,-9999,-9999,-84
2723,24,-77,11,-17,-10,-9999,-9999,-89
2724,23,-124,9,-19,-16,-9999,-9999,-95
2725,0,-128,9,-19,-20,-9999,-9999,-107
2726,0,-131,9,-20,-22,-9999,-9999,-117
2727,25,-132,10,-18,-7,-9999,-9999,-122
2728,24,-132,9,-21,-14,-9999,-9999,-123
2729,22,-135,10,-18,-21,-9999,6,-127
2730,21,-135,8,-20,-26,-9999,5,-133
2731,21,-135,8,-20,-25,-9999,4,-132
2732,22,-121,9,-16,-2,-9999,12,-127
2733,22,-126,8,-19,-14,-9999,10,-136
2734,22,-129,8,-20,-20,-9999,8,-140
2735,24,-130,9,-20,-18,-9999,8,-141
2736,24,-132,8,-20,-18,-9999,7,-144
2737,24,-134,8,-20,-20,-9999,5,-150
2738,26,-136,9,-19,-23,-9999,6,-154
2739,25,-70,10,2,2,-9999,1,-136
2740,24,-107,8,-17,0,-9999,2,-122
2741,24,-112,7,-18,0,-9999,0,-117
2742,24,-115,7,-20,-2,-9999,17,-119
2743,23,-117,7,-20,-4,-9999,16,-125
2744,23,-121,8,-20,-16,-9999,14,-133
2745,22,-122,8,-20,-11,-9999,14,-133
2746,22,-121,8,-17,-1,-9999,14,-135
2747,24,-126,7,-19,-10,-9999,12,-142
2748,23,-129,8,-18,-17,-9999,11,-148
2749,23,-116,9,1,3,-9999,14,-139
2750,23,-112,9,-16,-1,-9999,16,-142
2751,23,-113,9,-16,-3,-9999,16,-144
2752,22,-103,10,2,2,-9999,3,-139
2753,21,-109,8,-16,-4,-9999,1,-141
2754,20,-112,8,-17,-7,-9999,17,-138
2755,21,-117,9,1,-9999,-9999,1,-143
2756,21,-120,8,-18,-9999,4,16,-148
2757,21,-124,8,-17,-9999,5,16,-152
2758,20,-126,8,-18,-42,6,14,-155
2759,20,-128,8,-18,-48,6,13,-160
2760,20,-130,8,-19,-55,6,12,-164
2761,21,-128,9,1,-35,7,14,-91
2762,22,-131,9,-16,-40,6,12,-76
2763,21,-133,8,-18,-46,5,10,-79
2764,19,-136,8,-19,-57,6,10,-87
2765,20,-138,9,-17,-61,6,9,-100
2766,20,-139,9,-20,-66,6,6,-110
2767,19,-139,8,-20,-67,6,6,-119
2768,19,-140,9,-19,-76,6,4,-129
2769,19,-142,9,-20,-81,6,2,-139
2770,20,-143,9,-20,-87,6,0,-147
2771,19,-144,9,-20,-91,6,-1,-153
2772,19,-145,9,-18,-68,6,4,-158
2773,22,-146,8,-18,-60,6,2,-161
2774,21,-142,9,-18,-56,5,1,-160
2775,22,-142,9,-16,-63,6,0,-165
2776,22,-145,9,-16,-66,6,-1,-167
2777,20,-145,8,-18,-66,6,-2,-172
2778,22,-147,8,-20,-82,5,-5,-179
2779,21,-148,8,-20,-86,6,-7,-180
2780,20,-147,8,-19,-92,6,-8,-180
2781,19,-145,8,-18,-82,6,-6,-179
2782,20,-144,8,-20,-91,5,-9,-181
2783,21,-144,8,-20,-96,5,-12,-182
2784,21,-146,8,-19,-97,6,-15,-182
2785,21,-147,8,-20,-99,5,-16,-183
2786,20,-148,8,-20,-100,5,-22,-183
2787,17,-145,10,-17,-92,6,-11,-183
2788,16,-144,8,-18,-82,5,-16,-184
2789,17,-144,8,-19,-83,5,-18,-184
2790,18,-147,8,-19,-94,6,-23,-183
2791,20,-147,8,-19,-99,5,-26,-184
2792,18,-146,9,-17,-94,6,-21,-184
2793,15,-146,8,-20,-96,5,-29,-185
2794,15,-147,9,-19,-95,5,-30,-184
2795,15,-149,9,-19,-100,5,-35,-182
2796,14,-151,9,-17,-102,6,-38,-182
2797,14,-151,10,-17,-102,7,-40,-183
2798,14,-152,9,-18,-102,7,-44,-183
2799,16,-152,9,-17,-102,6,-44,-184
2800,16,-152,9,-18,-102,6,-45,-185
2801,15,-152,8,-20,-102,5,-48,-185
2802,14,-153,9,-21,-103,6,-52,-183
2803,13,-152,10,-19,-103,6,-53,-183
2804,12,-153,9,-18,-103,6,-51,-183
2805,10,-153,9,-17,-103,7,-55,-183
2806,11,-146,8,-20,-102,5,-55,-186
2807,11,-149,9,-20,-103,5,-57,-185
2808,10,-150,9,-19,-103,5,-59,-183
2809,10,-151,9,-19,-103,5,-62,-183
2810,9,-153,9,-20,-103,5,-64,-184
2811,9,-154,9,-18,-103,7,-66,-184
2812,10,-154,10,-17,-103,7,-68,-184
2813,10,-155,10,-16,-103,7,-70,-185
2814,9,-154,10,-17,-103,7,-74,-184
2815,8,-154,10,-17,-103,7,-75,-185
2816,9,-155,9,-17,-103,6,-77,-186
2817,8,-155,9,-18,-103,6,-78,-186
2818,7,-155,8,-20,-103,7,-78,-187
2819,8,-155,8,-20,-103,6,-84,-187
2820,8,-154,8,-20,-103,6,-86,-189
2821,8,-153,8,-20,-103,5,-86,-188
2822,9,-152,8,-20,-102,5,-86,-188
2823,9,-151,8,-20,-103,4,-81,-188
2824,6,-151,8,-20,-103,5,-81,-188
2825,17,-151,8,-20,-103,6,-81,-188
2826,13,-152,8,-20,-103,6,-81,-188
2827,13,-151,8,-20,-103,6,-82,-188
2828,15,-151,8,-20,-100,7,-82,-188
2829,17,-151,8,-22,-103,5,-82,-188
2830,15,-151,9,-21,-102,5,-83,-188
2831,17,-153,8,-22,-103,5,-84,-187
2832,10,-154,8,-21,-103,5,-84,-188
2833,8,-154,8,-21,-103,6,-84,-188
2834,8,-154,9,-19,-103,7,-84,-188
2835,8,-154,10,-20,-102,8,-83,-187
2836,8,-152,10,-20,-103,8,-84,-188
2837,8,-151,10,-17,-102,7,-84,-188
2838,9,-151,8,-20,-102,7,-83,-188
2839,8,-146,10,1,-102,11,-81,-188
2840,12,-139,9,-18,-44,6,-63,-189
2841,9,-142,8,-18,-46,6,-61,-188
2842,7,-142,9,-18,-35,6,-57,-189
2843,7,-144,8,-18,-37,6,-57,-188
2844,9,-145,8,-19,-41,5,-58,-188
2845,7,-147,9,-17,-43,6,-58,-187
2846,7,-147,8,-19,-49,5,-64,-188
2847,8,-149,8,-20,-59,4,-69,-186
2848,8,-151,8,-19,-64,4,-70,-185
2849,10,-152,8,-19,-68,5,-71,-185
2850,13,-152,9,-17,-70,12,-75,-185
2851,11,-151,8,-18,-76,9,-78,-186
2852,12,-152,9,-17,-79,12,-80,-185
2853,15,-152,10,-17,-79,14,-80,-185
2854,12,-148,11,0,-68,14,-76,-185
2855,11,-148,9,-18,-58,8,-79,-185
2856,11,-149,8,-19,-59,7,-84,-186
2857,11,-150,8,-19,-62,8,-86,-186
2858,10,-152,10,-16,-61,13,-86,-186
2859,10,-150,8,-18,-48,4,-86,-186
2860,10,-150,9,-18,-47,2,-80,-186
2861,10,-149,8,-18,-32,2,-80,-186
2862,10,-150,8,-18,-41,0,-80,-185
2863,12,-148,9,-19,-28,1,-78,-185
2864,10,-143,10,-18,-27,3,-60,-186
2865,10,-138,9,-18,-28,0,-47,-186
2866,16,-138,9,-18,-26,2,-45,-186
2867,15,-132,10,2,-18,6,-17,-186
2868,14,-126,8,-18,-25,0,-20,-186
2869,14,-127,8,-19,-27,0,-23,-185
2870,13,-128,8,-19,-28,0,-24,-185
2871,12,-130,7,-19,-30,1,-28,-186
2872,13,-130,7,-20,-36,7,-34,-186
2873,13,-132,7,-19,-36,-1,-32,-186
2874,12,-133,7,-19,-35,-1,-35,-186
2875,12,-135,8,-18,-27,0,-30,-186
2876,12,-137,7,-18,-28,1,-30,-186
2877,10,-138,8,-17,-21,3,-22,-186
2878,11,-140,8,-18,-27,2,-28,-186
2879,10,-140,8,-18,-27,2,-25,-186
2880,10,-74,10,3,-21,5,5,-159
2881,10,-79,8,-16,-28,0,3,-4
2882,11,-86,8,-16,-29,0,3,-7
2883,10,-95,8,1,-30,4,2,-10
2884,10,-94,8,-16,-29,0,2,-10
2885,10,-94,8,-16,-30,-1,2,-11
2886,9,-92,8,0,-31,1,1,-14
2887,9,-93,8,1,-33,2,1,-12
2888,9,-90,8,-16,-34,-1,0,-35
2889,9,-90,8,0,-35,-1,0,-37
2890,8,-92,9,1,-36,-3,-1,-40
2891,9,-96,8,1,-37,2,-1,-42
2892,8,-94,9,2,-30,1,0,-45
2893,8,-94,9,1,-31,0,-2,-48
2894,8,-97,9,0,-33,2,-2,-53
2895,9,-101,9,1,-35,2,-2,-57
2896,11,-108,10,2,-35,-1,-3,-60
2897,14,-108,8,0,-30,1,0,-65
2898,10,-105,8,-16,-31,1,-2,-66
2899,10,-108,8,-16,-33,1,-3,-69
2900,16,-115,7,-17,-38,8,-4,-71
2901,13,-118,8,-16,-43,4,-4,-76
2902,13,-120,8,0,-41,3,-4,-79
2903,11,-119,8,1,-35,1,-5,-79
2904,10,-122,7,-17,-34,6,-6,-84
2905,9,-124,8,0,-33,7,-6,-82
2906,9,-124,7,0,-35,5,-6,-95
2907,8,-125,7,0,-39,8,-6,-94
2908,8,-124,8,-16,-34,9,-6,-99
2909,8,-124,8,0,-34,5,-5,-98
2910,8,-125,8,2,-22,1,-2,-98
2911,7,-127,8,1,-26,6,1,-93
2912,7,-124,8,-18,-31,5,-1,-88
2913,7,-123,8,-17,-27,3,-1,-84
2914,6,-122,10,2,-24,8,0,-84
2915,6,-116,9,-16,-26,4,2,-72
2916,7,-109,9,-16,-24,3,3,-56
2917,11,-107,7,-21,-34,6,2,-61
2918,8,-110,7,-21,-44,6,2,-64
2919,9,-113,6,-22,-54,5,2,-68
2920,16,-113,6,-19,-60,5,2,-67
2921,15,-115,5,-18,-62,6,2,-70
2922,13,-117,5,1,-66,5,2,-77
2923,12,-119,4,0,-64,6,1,-80
2924,13,-121,4,-17,-66,6,1,-83
2925,11,-123,3,-19,-70,6,1,-80
2926,11,-125,4,-18,-72,7,1,-78
2927,11,-127,3,-21,-77,6,1,-85
2928,13,-128,3,-21,-80,6,1,-90
2929,12,-130,2,-21,-83,6,1,-92
2930,15,-125,4,-18,-84,8,1,-84
2931,17,-127,9,-17,-79,8,-4,-82
2932,17,-126,8,0,-79,7,-4,-92
2933,14,-126,9,-17,-73,7,-2,-85
2934,14,-124,11,2,-50,8,10,-54
2935,14,-110,10,-16,-40,6,13,-31
2936,16,-104,8,-18,-32,4,13,-32
2937,14,-104,6,-19,-28,3,12,-32
2938,12,-104,6,-18,-28,5,13,-32
2939,11,-103,5,-20,-26,2,12,-36
2940,13,-103,5,-20,-21,2,12,-38
2941,12,-103,5,-20,-21,4,12,-39
2942,10,-102,6,-21,-24,8,9,-40
2943,11,-104,7,-20,-17,8,10,-42
2944,12,-106,7,-17,-17,0,13,-33
2945,10,-103,8,-17,-18,5,14,-6
2946,10,-97,6,-18,-21,-2,15,4
2947,10,-96,5,-20,-22,5,13,-14
2948,9,-96,4,-21,-27,1,12,-18
2949,13,-95,5,-19,-24,7,13,-16
2950,13,-95,6,-18,-24,3,14,-5
2951,15,-95,5,-20,-30,6,12,-17
2952,12,-95,5,-21,-28,4,12,-22
2953,15,-96,4,-22,-29,5,11,-25
2954,17,-97,6,-19,-25,8,12,-19
2955,20,-98,5,-22,-31,7,12,-21
2956,17,-99,4,-24,-34,5,11,-29
2957,16,-100,4,-21,-36,7,11,-30
2958,16,-100,6,-22,-33,8,11,-32
2959,19,-100,4,-23,-35,6,9,-36
2960,18,-101,4,-24,-38,6,10,-38
2961,17,-102,3,-23,-40,5,10,-40
2962,19,-101,3,-24,-42,4,9,-44
2963,18,-103,5,-21,-38,10,11,-42
2964,20,-104,5,-21,-31,6,13,-44
2965,19,-111,6,-20,-29,4,14,-47
2966,16,-114,4,-24,-29,7,12,-49
2967,16,-103,5,-21,-25,10,13,-45
2968,18,-101,7,0,-21,1,17,-29
2969,21,-80,8,4,-20,10,0,10
2970,18,-68,7,-18,-29,-3,15,5
2971,16,-65,6,-18,-26,-3,14,7
2972,16,-64,6,-18,-28,-2,14,6
2973,17,-33,8,-16,-24,0,1,11
2974,17,-32,7,-18,-28,10,16,7
2975,16,-38,7,-17,-23,1,16,7
2976,15,-26,7,0,-26,1,17,10
2977,15,-31,7,-18,-28,3,16,8
2978,15,0,8,0,-22,4,0,11
2979,15,2,7,1,-28,2,17,16
2980,15,9,7,-16,-30,1,15,11
2981,15,-1,7,-16,-28,1,14,8
2982,15,-18,8,0,-23,2,15,10
2983,15,6,9,4,-23,2,3,17
2984,15,2,7,2,-25,-1,16,16
2985,14,12,7,1,-26,2,15,14
2986,14,8,6,0,-27,1,15,14
2987,14,-4,7,2,-26,0,14,14
2988,14,-23,7,3,-27,-2,14,16
2989,14,-37,6,0,-27,-3,14,14
2990,15,-49,6,-16,-24,0,14,15
2991,14,-59,6,0,-25,-1,13,15
2992,14,-68,6,-16,-28,4,13,16
2993,14,-73,6,-16,-29,0,13,15
2994,15,-78,6,1,-25,2,13,16
2995,19,-82,6,0,-27,5,13,15
2996,19,-84,6,-16,-26,4,13,-2
2997,20,-90,6,1,-28,-1,13,-3
2998,17,-94,6,-17,-31,4,12,-9
2999,18,-94,6,-16,-30,1,12,-10
3000,16,-94,7,2,-29,2,12,-16
3001,16,-97,6,-16,-31,-1,12,-16
3002,21,-97,6,0,-31,0,12,-18
3003,18,-98,6,0,-25,0,12,-21
3004,18,-98,6,-16,-27,2,12,-16
3005,16,-98,6,-16,-29,0,12,-9
3006,16,-97,6,-17,-30,0,12,-18
3007,15,-98,6,-16,-31,0,12,-23
3008,15,-96,7,0,-30,-1,13,-24
3009,15,-94,9,4,-19,4,17,19
3010,17,-92,8,3,-25,2,17,17
3011,17,-72,9,7,-21,0,1,15
3012,17,-57,7,1,-27,-1,16,9
3013,15,-53,7,1,-24,-2,16,13
3014,0,-53,7,0,-25,-3,15,10
3015,19,-56,7,0,-27,-3,14,12
3016,17,11,9,8,-19,5,2,13
3017,16,11,8,3,-26,-1,16,14
3018,16,3,8,2,-26,-2,16,15
3019,15,-8,7,1,-23,-1,15,12
3020,16,-25,7,0,-27,-4,15,12
3021,15,-39,6,-16,-29,-5,14,12
3022,17,-53,6,0,-30,-2,14,12
3023,19,-64,8,1,-29,-4,14,16
3024,17,-72,8,1,-26,0,15,8
3025,17,-75,7,-16,-26,3,15,-1
3026,17,-77,7,-16,-27,5,14,-7
3027,16,-80,7,-16,-28,2,14,-1
3028,16,6,10,12,-16,6,7,16
3029,16,5,8,4,-22,1,0,6
3030,17,3,8,3,-22,1,17,15
3031,19,17,8,4,-23,-1,16,13
3032,20,13,7,2,-26,0,16,13
3033,18,6,7,0,-28,1,15,8
3034,19,-3,8,1,-28,0,15,8
3035,19,-34,7,0,-26,0,15,4
3036,17,-51,8,0,-24,-1,15,2
3037,18,-59,9,3,-18,2,17,10
3038,19,-67,8,1,-22,2,16,0
3039,19,-73,7,1,-24,-1,16,-2
3040,17,-75,8,0,-22,-2,16,-2
3041,19,-76,7,1,-23,0,16,-6
3042,22,-77,7,0,-24,-2,16,-8
3043,23,-78,7,0,-24,-3,16,-15
3044,22,-95,8,0,-25,-5,16,-21
3045,22,-105,8,0,-24,-2,17,-24
3046,21,-102,9,4,-20,0,1,-1
3047,21,-103,8,2,-22,0,1,-14
3048,24,-105,8,2,-22,-1,1,-20
3049,22,-106,8,2,-23,0,0,-24
3050,24,-108,7,1,-28,-3,17,-29
3051,24,-109,8,2,-29,-2,16,-32
3052,22,-111,8,2,-28,2,16,-36
3053,21,-112,7,2,-28,5,16,-37
3054,21,-113,8,3,-27,-3,15,-42
3055,22,-113,10,4,-20,-3,16,-44
3056,22,-96,10,6,-20,-2,3,-10
3057,21,-94,10,7,-19,-4,3,3
3058,21,-95,9,5,-20,-2,3,-7
3059,20,-96,9,4,-22,3,2,-15
3060,20,-99,8,2,-24,8,1,-24
3061,-9999,-103,8,3,-27,8,1,-29
3062,-9999,-95,11,8,-16,8,2,-4
3063,-9999,-102,10,3,-22,-9,1,-20
3064,-9999,-96,10,8,-16,-2,2,-4
3065,-9999,-92,10,13,-16,-2,7,8
3066,-9999,-92,9,7,-21,-6,4,-9
3067,-9999,-93,9,6,-24,-3,3,-20
3068,-9999,-96,8,5,-27,4,2,-29
3069,-9999,-97,9,6,-22,3,2,-33
3070,-9999,-104,8,7,-26,6,1,-38
3071,-9999,-108,8,6,-30,8,0,-49
3072,-9999,-112,8,4,-32,9,16,-57
3073,-9999,-116,8,4,-32,9,16,-63
3074,-9999,-119,8,8,-27,12,15,-70
3075,-9999,-9999,8,10,-9999,4,15,-72
3076,-9999,-9999,8,6,-9999,-7,13,-75
3077,-9999,-9999,10,6,-9999,-6,16,-82
3078,-9999,-9999,8,-9999,-9999,-9999,14,-9999
